"","country","Year","laborforce"
"1","Afghanistan",2001,0.005215635
"2","Albania",2001,-0.00560021
"3","Algeria",2001,-0.005024874
"4","Angola",2001,0.000383803
"5","Argentina",2001,0.000232382
"6","Armenia",2001,-0.001372543
"7","Australia",2001,0.003542901
"8","Austria",2001,-0.008224241
"9","Azerbaijan",2001,0.003866233
"10","Bahrain",2001,-1.48231e-05
"11","Bangladesh",2001,0.001275784
"12","Belarus",2001,0.008452905
"13","Belgium",2001,-0.025789227
"14","Belize",2001,0.008285033
"15","Benin",2001,-0.002749487
"16","Bhutan",2001,0.01916761
"17","Bolivia",2001,0.006785963
"18","Bosnia and Herzegovina",2001,0.002365783
"19","Botswana",2001,0.012640515
"20","Brazil",2001,0.005129512
"21","Bulgaria",2001,0.039214689
"22","Burkina Faso",2001,-0.009236831
"23","Cambodia",2001,0.056788277
"24","Cameroon",2001,-0.001976615
"25","Canada",2001,0.002218093
"26","Central African Republic",2001,5.52732e-05
"27","Chad",2001,0.000633253
"28","Chile",2001,5.07569e-05
"29","China",2001,-0.00830592
"30","Colombia",2001,0.015706122
"31","Congo, Dem. Rep.",2001,0.000728983
"32","Congo, Rep.",2001,0.001766271
"33","Costa Rica",2001,0.03359358
"34","Cote d'Ivoire",2001,-0.006078259
"35","Croatia",2001,-0.000201865
"36","Cyprus",2001,0.020532528
"37","Czech Republic",2001,-0.005773245
"38","Denmark",2001,-0.010632557
"39","Dominican Republic",2001,0.002027845
"40","Ecuador",2001,-0.001934294
"41","Egypt, Arab Rep.",2001,-0.007706437
"42","El Salvador",2001,-0.008130384
"43","Estonia",2001,-0.01444348
"44","Ethiopia",2001,0.007319821
"45","Finland",2001,0.005903092
"46","France",2001,-0.003592856
"47","Gabon",2001,-0.000442884
"48","Georgia",2001,0.039140799
"49","Germany",2001,0.002948884
"50","Ghana",2001,0.002330603
"51","Greece",2001,-0.013621929
"52","Guatemala",2001,0.002431053
"53","Guinea",2001,-0.000551125
"54","Haiti",2001,0.001818453
"55","Honduras",2001,-0.020458761
"56","Hong Kong SAR, China",2001,0.002668958
"57","Hungary",2001,-0.001362144
"58","India",2001,0.005683667
"59","Indonesia",2001,0.001120944
"60","Iran, Islamic Rep.",2001,0.013856759
"61","Iraq",2001,-0.002857594
"62","Ireland",2001,0.0022873
"63","Israel",2001,-0.002327891
"64","Italy",2001,0.007085795
"65","Jamaica",2001,-0.002405453
"66","Japan",2001,0.001543437
"67","Jordan",2001,-0.000319575
"68","Kazakhstan",2001,-0.002905873
"69","Kenya",2001,-0.016664111
"70","Korea, Rep.",2001,0.00382716
"71","Kosovo",2001,NA
"72","Kuwait",2001,-0.002295959
"73","Kyrgyz Republic",2001,0.001371628
"74","Lao PDR",2001,-0.002566094
"75","Latvia",2001,0.008767836
"76","Lebanon",2001,0.009114161
"77","Lesotho",2001,-0.008306424
"78","Liberia",2001,0.001883367
"79","Libya",2001,0.004269576
"80","Lithuania",2001,-0.014398431
"81","Luxembourg",2001,-0.006054662
"82","Macedonia, FYR",2001,0.002573448
"83","Madagascar",2001,0.000523229
"84","Malawi",2001,0.000507171
"85","Malaysia",2001,-0.000531622
"86","Mali",2001,0.001748633
"87","Malta",2001,0.00924931
"88","Mauritania",2001,-0.003631889
"89","Mauritius",2001,0.003351644
"90","Mexico",2001,-0.008886164
"91","Moldova",2001,-0.003960535
"92","Mongolia",2001,-0.001269085
"93","Montenegro",2001,0.000117037
"94","Morocco",2001,-0.001992125
"95","Mozambique",2001,0.00214041
"96","Myanmar",2001,-0.005140499
"97","Namibia",2001,0.007144679
"98","Nepal",2001,-0.00313374
"99","Netherlands",2001,0.009762715
"100","New Zealand",2001,0.008134101
"101","Nicaragua",2001,0.002330807
"102","Niger",2001,0.001149394
"103","Nigeria",2001,0.000182009
"104","Norway",2001,-0.002473678
"105","Pakistan",2001,-0.002310128
"106","Panama",2001,0.005370321
"107","Paraguay",2001,0.000756174
"108","Peru",2001,0.046604887
"109","Philippines",2001,-4.70935e-05
"110","Poland",2001,0.009864003
"111","Portugal",2001,0.010336297
"112","Puerto Rico",2001,0.010617027
"113","Romania",2001,-0.020132713
"114","Russian Federation",2001,-0.018207438
"115","Rwanda",2001,-0.002327341
"116","Saudi Arabia",2001,-0.008035864
"117","Senegal",2001,-0.00268195
"118","Serbia",2001,-0.001405567
"119","Sierra Leone",2001,0.002197976
"120","Singapore",2001,0.001483629
"121","Slovak Republic",2001,0.012037585
"122","Slovenia",2001,0.002298185
"123","Somalia",2001,-0.005026079
"124","South Africa",2001,-0.000393718
"125","Spain",2001,-0.012959173
"126","Sri Lanka",2001,-0.001699821
"127","South Sudan",2001,6.59683e-05
"128","Sweden",2001,0.0041039
"129","Switzerland",2001,0.00724988
"130","Taiwan",2001,NA
"131","Tajikistan",2001,0.00042545
"132","Tanzania",2001,2.3943e-05
"133","Thailand",2001,0.004896935
"134","Togo",2001,-0.000463846
"135","Trinidad and Tobago",2001,0.002300144
"136","Tunisia",2001,-0.00445852
"137","Turkey",2001,-0.00271796
"138","Turkmenistan",2001,0.001267602
"139","Uganda",2001,0.000956734
"140","Ukraine",2001,-0.012552452
"141","United Arab Emirates",2001,-0.007148572
"142","United Kingdom",2001,-0.005986969
"143","United States",2001,-0.006632702
"144","Uruguay",2001,0.017938399
"145","Uzbekistan",2001,0.000746905
"146","Venezuela, RB",2001,0.004676084
"147","Vietnam",2001,-0.000921484
"148","West Bank and Gaza",2001,-0.000694579
"149","Yemen, Rep.",2001,-0.018936769
"150","Zambia",2001,0.001789812
"151","Zimbabwe",2001,0.03326198
"152","Afghanistan",2002,0.00622253
"153","Albania",2002,-0.004457717
"154","Algeria",2002,-0.004375467
"155","Angola",2002,0.000166264
"156","Argentina",2002,-0.005123729
"157","Armenia",2002,-0.000638155
"158","Australia",2002,0.00114534
"159","Austria",2002,0.017194283
"160","Azerbaijan",2002,0.00349986
"161","Bahrain",2002,0.003307421
"162","Bangladesh",2002,0.00112128
"163","Belarus",2002,0.009172392
"164","Belgium",2002,0.006216601
"165","Belize",2002,0.00874911
"166","Benin",2002,-0.003168441
"167","Bhutan",2002,0.019914365
"168","Bolivia",2002,0.006685006
"169","Bosnia and Herzegovina",2002,0.003029465
"170","Botswana",2002,0.01346823
"171","Brazil",2002,0.013961746
"172","Bulgaria",2002,-0.009986318
"173","Burkina Faso",2002,-0.009488652
"174","Cambodia",2002,-0.008429516
"175","Cameroon",2002,-0.001941717
"176","Canada",2002,0.013934036
"177","Central African Republic",2002,-0.000428555
"178","Chad",2002,0.000220118
"179","Chile",2002,-0.005494425
"180","China",2002,-0.009610484
"181","Colombia",2002,0.015603327
"182","Congo, Dem. Rep.",2002,0.000261097
"183","Congo, Rep.",2002,0.001661939
"184","Costa Rica",2002,-0.002079153
"185","Cote d'Ivoire",2002,-0.006344177
"186","Croatia",2002,-0.014303708
"187","Cyprus",2002,-0.001116193
"188","Czech Republic",2002,-0.00271265
"189","Denmark",2002,0.010405046
"190","Dominican Republic",2002,0.002581174
"191","Ecuador",2002,-0.00215326
"192","Egypt, Arab Rep.",2002,-0.007807466
"193","El Salvador",2002,-0.008526731
"194","Estonia",2002,-0.018138814
"195","Ethiopia",2002,0.006921741
"196","Finland",2002,0.004073058
"197","France",2002,0.005269997
"198","Gabon",2002,0.000543804
"199","Georgia",2002,-0.02872602
"200","Germany",2002,0.004124655
"201","Ghana",2002,0.00231198
"202","Greece",2002,0.01190422
"203","Guatemala",2002,0.002813832
"204","Guinea",2002,-0.001221899
"205","Haiti",2002,0.002847965
"206","Honduras",2002,-0.019160608
"207","Hong Kong SAR, China",2002,0.008915937
"208","Hungary",2002,0.000606266
"209","India",2002,0.005797688
"210","Indonesia",2002,0.000746532
"211","Iran, Islamic Rep.",2002,0.015125458
"212","Iraq",2002,-0.003027654
"213","Ireland",2002,0.005186545
"214","Israel",2002,-0.012645807
"215","Italy",2002,0.012860471
"216","Jamaica",2002,-0.002915986
"217","Japan",2002,-0.00331611
"218","Jordan",2002,-0.01048088
"219","Kazakhstan",2002,-0.001215331
"220","Kenya",2002,-0.017869093
"221","Korea, Rep.",2002,0.011298064
"222","Kosovo",2002,NA
"223","Kuwait",2002,0.003122077
"224","Kyrgyz Republic",2002,0.001821441
"225","Lao PDR",2002,-0.003017437
"226","Latvia",2002,0.027065398
"227","Lebanon",2002,0.010072446
"228","Lesotho",2002,-0.008416375
"229","Liberia",2002,0.001002538
"230","Libya",2002,0.004991658
"231","Lithuania",2002,-0.003994561
"232","Luxembourg",2002,0.019339492
"233","Macedonia, FYR",2002,0.002600008
"234","Madagascar",2002,0.000250072
"235","Malawi",2002,0.000129902
"236","Malaysia",2002,-0.001971144
"237","Mali",2002,0.002428699
"238","Malta",2002,-0.005451508
"239","Mauritania",2002,-0.003837019
"240","Mauritius",2002,-0.006665322
"241","Mexico",2002,0.002293603
"242","Moldova",2002,-0.003631294
"243","Mongolia",2002,-0.003907526
"244","Montenegro",2002,0.001069916
"245","Morocco",2002,-0.00542346
"246","Mozambique",2002,0.001062131
"247","Myanmar",2002,-0.005604236
"248","Namibia",2002,0.005926023
"249","Nepal",2002,-0.003325814
"250","Netherlands",2002,0.009284677
"251","New Zealand",2002,0.008716641
"252","Nicaragua",2002,0.002372879
"253","Niger",2002,0.000923563
"254","Nigeria",2002,0.000309262
"255","Norway",2002,0.00079748
"256","Pakistan",2002,-0.00013395
"257","Panama",2002,0.005102807
"258","Paraguay",2002,0.000879178
"259","Peru",2002,0.01974344
"260","Philippines",2002,-0.000816806
"261","Poland",2002,-0.014475674
"262","Portugal",2002,0.01105287
"263","Puerto Rico",2002,0.010262903
"264","Romania",2002,-0.061521451
"265","Russian Federation",2002,0.013549984
"266","Rwanda",2002,-0.004000669
"267","Saudi Arabia",2002,0.000570202
"268","Senegal",2002,-0.001880484
"269","Serbia",2002,-0.002381899
"270","Sierra Leone",2002,-0.002040826
"271","Singapore",2002,-0.011765601
"272","Slovak Republic",2002,-0.010712083
"273","Slovenia",2002,0.013328614
"274","Somalia",2002,-0.003783413
"275","South Africa",2002,-0.000340191
"276","Spain",2002,0.030340212
"277","Sri Lanka",2002,-0.00119028
"278","South Sudan",2002,-0.001054418
"279","Sweden",2002,-0.003241588
"280","Switzerland",2002,0.001035281
"281","Taiwan",2002,NA
"282","Tajikistan",2002,0.000147185
"283","Tanzania",2002,0.000407295
"284","Thailand",2002,-0.001090025
"285","Togo",2002,-0.000476267
"286","Trinidad and Tobago",2002,0.003774439
"287","Tunisia",2002,-0.004617278
"288","Turkey",2002,-0.002102394
"289","Turkmenistan",2002,0.001132023
"290","Uganda",2002,0.000983916
"291","Ukraine",2002,0.002304423
"292","United Arab Emirates",2002,-5.24309e-05
"293","United Kingdom",2002,0.002047807
"294","United States",2002,-0.006611077
"295","Uruguay",2002,-0.011079185
"296","Uzbekistan",2002,0.000656727
"297","Venezuela, RB",2002,-0.002903369
"298","Vietnam",2002,-0.001189257
"299","West Bank and Gaza",2002,-0.019710027
"300","Yemen, Rep.",2002,-0.018233522
"301","Zambia",2002,0.001346296
"302","Zimbabwe",2002,0.031377876
"303","Afghanistan",2003,0.006034527
"304","Albania",2003,-0.013881016
"305","Algeria",2003,-0.003738715
"306","Angola",2003,-0.000332472
"307","Argentina",2003,0.008826625
"308","Armenia",2003,8.18814e-05
"309","Australia",2003,0.004239716
"310","Austria",2003,0.001156636
"311","Azerbaijan",2003,0.002947683
"312","Bahrain",2003,0.008884324
"313","Bangladesh",2003,0.000814545
"314","Belarus",2003,0.009200827
"315","Belgium",2003,0.001751799
"316","Belize",2003,0.008766388
"317","Benin",2003,0.000839324
"318","Bhutan",2003,0.018888685
"319","Bolivia",2003,0.006599371
"320","Bosnia and Herzegovina",2003,0.003037798
"321","Botswana",2003,0.013856469
"322","Brazil",2003,0.002316407
"323","Bulgaria",2003,-0.021187668
"324","Burkina Faso",2003,-0.009785645
"325","Cambodia",2003,-0.011440728
"326","Cameroon",2003,-0.001828731
"327","Canada",2003,0.00997101
"328","Central African Republic",2003,-0.000580902
"329","Chad",2003,-0.000275061
"330","Chile",2003,0.004742789
"331","China",2003,-0.010259275
"332","Colombia",2003,0.015378928
"333","Congo, Dem. Rep.",2003,2.74657e-05
"334","Congo, Rep.",2003,0.002250842
"335","Costa Rica",2003,-0.002512431
"336","Cote d'Ivoire",2003,-0.006676247
"337","Croatia",2003,0.003860256
"338","Cyprus",2003,0.014325621
"339","Czech Republic",2003,-0.00458998
"340","Denmark",2003,-0.008005311
"341","Dominican Republic",2003,0.000994702
"342","Ecuador",2003,0.01467431
"343","Egypt, Arab Rep.",2003,0.009529931
"344","El Salvador",2003,0.026307086
"345","Estonia",2003,0.03650809
"346","Ethiopia",2003,0.006496137
"347","Finland",2003,-0.002882313
"348","France",2003,0.01325843
"349","Gabon",2003,0.000785008
"350","Georgia",2003,0.02324435
"351","Germany",2003,0.008035116
"352","Ghana",2003,0.002332894
"353","Greece",2003,0.010405508
"354","Guatemala",2003,0.002418471
"355","Guinea",2003,-0.001044558
"356","Haiti",2003,0.0036669
"357","Honduras",2003,-0.019442319
"358","Hong Kong SAR, China",2003,-0.003007149
"359","Hungary",2003,0.01694687
"360","India",2003,0.005877355
"361","Indonesia",2003,0.000114808
"362","Iran, Islamic Rep.",2003,0.016293592
"363","Iraq",2003,-0.00322229
"364","Ireland",2003,0.004864987
"365","Israel",2003,0.005499459
"366","Italy",2003,0.012418688
"367","Jamaica",2003,-0.003543142
"368","Japan",2003,0.000952568
"369","Jordan",2003,-0.012922524
"370","Kazakhstan",2003,0.000222418
"371","Kenya",2003,-0.018873375
"372","Korea, Rep.",2003,-0.002130169
"373","Kosovo",2003,NA
"374","Kuwait",2003,0.007846785
"375","Kyrgyz Republic",2003,-0.001527166
"376","Lao PDR",2003,-0.0034124
"377","Latvia",2003,-0.007498398
"378","Lebanon",2003,0.009786597
"379","Lesotho",2003,-0.008474238
"380","Liberia",2003,0.00987227
"381","Libya",2003,0.009574889
"382","Lithuania",2003,0.036754196
"383","Luxembourg",2003,-0.012120955
"384","Macedonia, FYR",2003,0.008704708
"385","Madagascar",2003,-0.000113601
"386","Malawi",2003,0.000116995
"387","Malaysia",2003,-0.001786981
"388","Mali",2003,0.001949588
"389","Malta",2003,-0.002019439
"390","Mauritania",2003,-0.003928791
"391","Mauritius",2003,-0.007846581
"392","Mexico",2003,-0.007697153
"393","Moldova",2003,-0.002150264
"394","Mongolia",2003,-0.00596397
"395","Montenegro",2003,0.001569746
"396","Morocco",2003,0.011133225
"397","Mozambique",2003,0.000174877
"398","Myanmar",2003,-0.006741679
"399","Namibia",2003,0.004866551
"400","Nepal",2003,-0.003576851
"401","Netherlands",2003,0.002673338
"402","New Zealand",2003,-0.004746787
"403","Nicaragua",2003,0.002382974
"404","Niger",2003,0.000847848
"405","Nigeria",2003,-0.000818431
"406","Norway",2003,-0.02157854
"407","Pakistan",2003,0.008899354
"408","Panama",2003,0.004765215
"409","Paraguay",2003,0.000960926
"410","Peru",2003,0.018834237
"411","Philippines",2003,-0.001902102
"412","Poland",2003,-0.006731471
"413","Portugal",2003,0.002950094
"414","Puerto Rico",2003,0.000960491
"415","Romania",2003,-0.010453659
"416","Russian Federation",2003,-0.001656896
"417","Rwanda",2003,-0.004797366
"418","Saudi Arabia",2003,0.007251351
"419","Senegal",2003,-0.002373899
"420","Serbia",2003,-0.002465063
"421","Sierra Leone",2003,-0.000152641
"422","Singapore",2003,0.001398119
"423","Slovak Republic",2003,0.005903666
"424","Slovenia",2003,-0.020671538
"425","Somalia",2003,-0.003140986
"426","South Africa",2003,3.58685e-05
"427","Spain",2003,0.020334059
"428","Sri Lanka",2003,-0.00100955
"429","South Sudan",2003,-0.001860315
"430","Sweden",2003,0.000308522
"431","Switzerland",2003,0.000455579
"432","Taiwan",2003,NA
"433","Tajikistan",2003,6.54404e-05
"434","Tanzania",2003,0.000706378
"435","Thailand",2003,-0.000680332
"436","Togo",2003,-0.000781852
"437","Trinidad and Tobago",2003,0.019327608
"438","Tunisia",2003,-0.004578928
"439","Turkey",2003,-0.025418961
"440","Turkmenistan",2003,0.000699195
"441","Uganda",2003,0.001011125
"442","Ukraine",2003,0.003080557
"443","United Arab Emirates",2003,0.006885617
"444","United Kingdom",2003,0.000280547
"445","United States",2003,-0.008564066
"446","Uruguay",2003,-0.012163861
"447","Uzbekistan",2003,0.00062648
"448","Venezuela, RB",2003,-0.002296433
"449","Vietnam",2003,-0.001603725
"450","West Bank and Gaza",2003,0.027703163
"451","Yemen, Rep.",2003,-0.01754882
"452","Zambia",2003,0.000992667
"453","Zimbabwe",2003,0.028909781
"454","Afghanistan",2004,0.004958441
"455","Albania",2004,-0.014318568
"456","Algeria",2004,-0.003138339
"457","Angola",2004,-0.000460522
"458","Argentina",2004,0.008734833
"459","Armenia",2004,0.000720322
"460","Australia",2004,-0.001889736
"461","Austria",2004,-0.030246567
"462","Azerbaijan",2004,0.002226244
"463","Bahrain",2004,0.012527777
"464","Bangladesh",2004,0.000474759
"465","Belarus",2004,0.008341139
"466","Belgium",2004,0.01592612
"467","Belize",2004,0.008382524
"468","Benin",2004,0.000123774
"469","Bhutan",2004,0.016336642
"470","Bolivia",2004,0.006406254
"471","Bosnia and Herzegovina",2004,0.002328447
"472","Botswana",2004,0.013683128
"473","Brazil",2004,0.013552327
"474","Bulgaria",2004,0.019543134
"475","Burkina Faso",2004,-0.010077388
"476","Cambodia",2004,-0.016628149
"477","Cameroon",2004,-0.001624199
"478","Canada",2004,-0.000396417
"479","Central African Republic",2004,-0.000871913
"480","Chad",2004,-0.001045749
"481","Chile",2004,0.029337639
"482","China",2004,-0.009754365
"483","Colombia",2004,0.014979867
"484","Congo, Dem. Rep.",2004,-0.000151162
"485","Congo, Rep.",2004,0.002346391
"486","Costa Rica",2004,-0.009522097
"487","Cote d'Ivoire",2004,-0.007045646
"488","Croatia",2004,0.023511642
"489","Cyprus",2004,0.01014056
"490","Czech Republic",2004,-0.00379993
"491","Denmark",2004,0.010014767
"492","Dominican Republic",2004,0.001329857
"493","Ecuador",2004,0.003558812
"494","Egypt, Arab Rep.",2004,0.009501635
"495","El Salvador",2004,-0.021635867
"496","Estonia",2004,0.000254587
"497","Ethiopia",2004,0.006008344
"498","Finland",2004,-0.003787181
"499","France",2004,-0.000487341
"500","Gabon",2004,0.002091842
"501","Georgia",2004,-0.020800075
"502","Germany",2004,0.000344193
"503","Ghana",2004,0.002366992
"504","Greece",2004,0.02189556
"505","Guatemala",2004,0.002969189
"506","Guinea",2004,-0.001433781
"507","Haiti",2004,0.004213235
"508","Honduras",2004,-0.019780634
"509","Hong Kong SAR, China",2004,0.000768193
"510","Hungary",2004,-0.004931494
"511","India",2004,0.00597136
"512","Indonesia",2004,-0.000545082
"513","Iran, Islamic Rep.",2004,0.017298112
"514","Iraq",2004,-0.003325772
"515","Ireland",2004,0.009286635
"516","Israel",2004,0.008022768
"517","Italy",2004,0.018933603
"518","Jamaica",2004,-0.001382788
"519","Japan",2004,-0.001517145
"520","Jordan",2004,0.000794777
"521","Kazakhstan",2004,-0.004683312
"522","Kenya",2004,-0.019604686
"523","Korea, Rep.",2004,0.012332239
"524","Kosovo",2004,NA
"525","Kuwait",2004,0.007597206
"526","Kyrgyz Republic",2004,-0.002476522
"527","Lao PDR",2004,-0.003702401
"528","Latvia",2004,-0.001667578
"529","Lebanon",2004,0.005712978
"530","Lesotho",2004,-0.008560354
"531","Liberia",2004,0.000991743
"532","Libya",2004,0.007763121
"533","Lithuania",2004,-0.040839361
"534","Luxembourg",2004,0.019998493
"535","Macedonia, FYR",2004,-0.037187442
"536","Madagascar",2004,-0.000318293
"537","Malawi",2004,0.000493802
"538","Malaysia",2004,-0.001664505
"539","Mali",2004,0.002361387
"540","Malta",2004,-0.0262889
"541","Mauritania",2004,-0.003944361
"542","Mauritius",2004,-0.009618989
"543","Mexico",2004,0.023480105
"544","Moldova",2004,-0.000986085
"545","Mongolia",2004,-0.007684165
"546","Montenegro",2004,0.000883725
"547","Morocco",2004,0.004793748
"548","Mozambique",2004,-0.00242464
"549","Myanmar",2004,-0.006881386
"550","Namibia",2004,0.004061348
"551","Nepal",2004,-0.003922366
"552","Netherlands",2004,0.001450716
"553","New Zealand",2004,0.005876141
"554","Nicaragua",2004,0.00240884
"555","Niger",2004,0.000734977
"556","Nigeria",2004,-0.004696363
"557","Norway",2004,-0.002876194
"558","Pakistan",2004,0.009333041
"559","Panama",2004,0.007283905
"560","Paraguay",2004,0.001014721
"561","Peru",2004,0.017995469
"562","Philippines",2004,-0.003118532
"563","Poland",2004,-0.005777772
"564","Portugal",2004,-0.002240485
"565","Puerto Rico",2004,0.00022145
"566","Romania",2004,0.007100683
"567","Russian Federation",2004,0.009064471
"568","Rwanda",2004,-0.004127005
"569","Saudi Arabia",2004,0.0082332
"570","Senegal",2004,-0.002039654
"571","Serbia",2004,-0.003745744
"572","Sierra Leone",2004,0.0233527
"573","Singapore",2004,0.002072728
"574","Slovak Republic",2004,-0.000801611
"575","Slovenia",2004,0.046016904
"576","Somalia",2004,-0.002944825
"577","South Africa",2004,0.007468163
"578","Spain",2004,0.015396869
"579","Sri Lanka",2004,-0.001275695
"580","South Sudan",2004,-0.002075261
"581","Sweden",2004,-0.002865545
"582","Switzerland",2004,-0.003975063
"583","Taiwan",2004,NA
"584","Tajikistan",2004,4.90303e-05
"585","Tanzania",2004,0.000681964
"586","Thailand",2004,0.003018884
"587","Togo",2004,-0.000317911
"588","Trinidad and Tobago",2004,0.018857901
"589","Tunisia",2004,-0.004260025
"590","Turkey",2004,-0.015633173
"591","Turkmenistan",2004,0.00029729
"592","Uganda",2004,0.000995976
"593","Ukraine",2004,0.000779032
"594","United Arab Emirates",2004,0.013091115
"595","United Kingdom",2004,4.00378e-05
"596","United States",2004,-0.00574982
"597","Uruguay",2004,0.00142445
"598","Uzbekistan",2004,0.000521683
"599","Venezuela, RB",2004,0.013674879
"600","Vietnam",2004,-0.002032271
"601","West Bank and Gaza",2004,0.027966739
"602","Yemen, Rep.",2004,-0.016931497
"603","Zambia",2004,0.000740578
"604","Zimbabwe",2004,0.026082556
"605","Afghanistan",2005,0.003584892
"606","Albania",2005,-0.014204156
"607","Algeria",2005,-0.0025758
"608","Angola",2005,-0.000575844
"609","Argentina",2005,-0.008444158
"610","Armenia",2005,0.001292451
"611","Australia",2005,0.013575593
"612","Austria",2005,0.023410426
"613","Azerbaijan",2005,0.001596832
"614","Bahrain",2005,0.01383444
"615","Bangladesh",2005,0.000220329
"616","Belarus",2005,0.007021664
"617","Belgium",2005,0.024498228
"618","Belize",2005,0.007657091
"619","Benin",2005,-0.000536147
"620","Bhutan",2005,0.012971059
"621","Bolivia",2005,0.006135258
"622","Bosnia and Herzegovina",2005,0.00293428
"623","Botswana",2005,0.013135696
"624","Brazil",2005,0.003870482
"625","Bulgaria",2005,-0.009758833
"626","Burkina Faso",2005,-0.01044264
"627","Cambodia",2005,0.010196365
"628","Cameroon",2005,-0.001340476
"629","Canada",2005,-0.005040583
"630","Central African Republic",2005,-0.000747976
"631","Chad",2005,-0.001336035
"632","Chile",2005,-0.008678642
"633","China",2005,-0.008464921
"634","Colombia",2005,0.014520868
"635","Congo, Dem. Rep.",2005,-0.000219858
"636","Congo, Rep.",2005,0.002326654
"637","Costa Rica",2005,0.036004564
"638","Cote d'Ivoire",2005,-0.007391247
"639","Croatia",2005,-3.06528e-05
"640","Cyprus",2005,-0.006683227
"641","Czech Republic",2005,0.006757426
"642","Denmark",2005,-0.003526029
"643","Dominican Republic",2005,0.003137625
"644","Ecuador",2005,0.003207191
"645","Egypt, Arab Rep.",2005,0.009127063
"646","El Salvador",2005,0.008549163
"647","Estonia",2005,-0.00171109
"648","Ethiopia",2005,0.005459217
"649","Finland",2005,0.000859667
"650","France",2005,0.001892772
"651","Gabon",2005,0.002529043
"652","Georgia",2005,-0.000911178
"653","Germany",2005,0.018826585
"654","Ghana",2005,0.002400738
"655","Greece",2005,-0.00152508
"656","Guatemala",2005,0.032488395
"657","Guinea",2005,-0.001645361
"658","Haiti",2005,0.004520611
"659","Honduras",2005,-0.020131668
"660","Hong Kong SAR, China",2005,-0.003013904
"661","Hungary",2005,0.017412224
"662","India",2005,0.006031725
"663","Indonesia",2005,-0.001061962
"664","Iran, Islamic Rep.",2005,0.018331177
"665","Iraq",2005,0.039482006
"666","Ireland",2005,0.030510925
"667","Israel",2005,0.005267512
"668","Italy",2005,-0.007385058
"669","Jamaica",2005,0.001243376
"670","Japan",2005,0.004033425
"671","Jordan",2005,-4.66935e-05
"672","Kazakhstan",2005,0.003404168
"673","Kenya",2005,-0.020191917
"674","Korea, Rep.",2005,0.001729424
"675","Kosovo",2005,NA
"676","Kuwait",2005,0.009079481
"677","Kyrgyz Republic",2005,0.015362852
"678","Lao PDR",2005,-0.003861904
"679","Latvia",2005,0.005519525
"680","Lebanon",2005,0.008317945
"681","Lesotho",2005,-0.008675688
"682","Liberia",2005,0.001486141
"683","Libya",2005,0.010691816
"684","Lithuania",2005,-0.011739322
"685","Luxembourg",2005,0.013385957
"686","Macedonia, FYR",2005,0.029524815
"687","Madagascar",2005,-0.000534503
"688","Malawi",2005,0.001025959
"689","Malaysia",2005,-0.000330312
"690","Mali",2005,0.043347139
"691","Malta",2005,0.004296014
"692","Mauritania",2005,-0.003940506
"693","Mauritius",2005,0.006717892
"694","Mexico",2005,0.0055148
"695","Moldova",2005,-0.025500419
"696","Mongolia",2005,-0.003023106
"697","Montenegro",2005,-0.000349835
"698","Morocco",2005,-0.003745881
"699","Mozambique",2005,-0.003377053
"700","Myanmar",2005,-0.007226263
"701","Namibia",2005,0.003469427
"702","Nepal",2005,-0.004329247
"703","Netherlands",2005,0.003393176
"704","New Zealand",2005,0.011762275
"705","Nicaragua",2005,0.002434507
"706","Niger",2005,0.000609926
"707","Nigeria",2005,0.000402344
"708","Norway",2005,-0.005539082
"709","Pakistan",2005,0.019320401
"710","Panama",2005,0.004884348
"711","Paraguay",2005,0.001054767
"712","Peru",2005,0.017234391
"713","Philippines",2005,0.002701701
"714","Poland",2005,0.009408017
"715","Portugal",2005,0.008995728
"716","Puerto Rico",2005,0.009796111
"717","Romania",2005,-0.025046284
"718","Russian Federation",2005,0.006101134
"719","Rwanda",2005,-0.001826651
"720","Saudi Arabia",2005,0.0080111
"721","Senegal",2005,-0.001759902
"722","Serbia",2005,-0.00369734
"723","Sierra Leone",2005,-0.012409217
"724","Singapore",2005,0.007124311
"725","Slovak Republic",2005,-0.011202923
"726","Slovenia",2005,0.004774039
"727","Somalia",2005,-0.003036173
"728","South Africa",2005,0.007750507
"729","Spain",2005,0.019016143
"730","Sri Lanka",2005,-0.001692067
"731","South Sudan",2005,-0.001854419
"732","Sweden",2005,0.022307312
"733","Switzerland",2005,-0.000790701
"734","Taiwan",2005,NA
"735","Tajikistan",2005,0.001422621
"736","Tanzania",2005,0.000490212
"737","Thailand",2005,0.002190241
"738","Togo",2005,0.000110016
"739","Trinidad and Tobago",2005,0.01804545
"740","Tunisia",2005,-0.003876453
"741","Turkey",2005,0.004250025
"742","Turkmenistan",2005,-0.000178253
"743","Uganda",2005,0.000952966
"744","Ukraine",2005,-0.000613741
"745","United Arab Emirates",2005,0.016766324
"746","United Kingdom",2005,0.004353047
"747","United States",2005,-0.001237346
"748","Uruguay",2005,0.000820625
"749","Uzbekistan",2005,0.000700329
"750","Venezuela, RB",2005,0.009171782
"751","Vietnam",2005,-0.002158376
"752","West Bank and Gaza",2005,0.009420114
"753","Yemen, Rep.",2005,-0.016321441
"754","Zambia",2005,0.00047667
"755","Zimbabwe",2005,0.000156527
"756","Afghanistan",2006,-0.006223599
"757","Albania",2006,-0.010810478
"758","Algeria",2006,-0.001942375
"759","Angola",2006,0.000845116
"760","Argentina",2006,0.00534961
"761","Armenia",2006,0.002123965
"762","Australia",2006,0.004742812
"763","Austria",2006,0.008863777
"764","Azerbaijan",2006,0.001275584
"765","Bahrain",2006,0.005252771
"766","Bangladesh",2006,-0.002101063
"767","Belarus",2006,0.005485364
"768","Belgium",2006,-0.001845201
"769","Belize",2006,0.011867407
"770","Benin",2006,-0.00125168
"771","Bhutan",2006,0.007064812
"772","Bolivia",2006,0.006057383
"773","Bosnia and Herzegovina",2006,-0.001062325
"774","Botswana",2006,0.013198848
"775","Brazil",2006,0.003743564
"776","Bulgaria",2006,0.039724444
"777","Burkina Faso",2006,-0.010645808
"778","Cambodia",2006,0.010021739
"779","Cameroon",2006,0.00013025
"780","Canada",2006,-0.000295774
"781","Central African Republic",2006,0.001455509
"782","Chad",2006,-8.27063e-05
"783","Chile",2006,0.011904934
"784","China",2006,-0.007063454
"785","Colombia",2006,0.014195551
"786","Congo, Dem. Rep.",2006,0.000920943
"787","Congo, Rep.",2006,0.002220899
"788","Costa Rica",2006,-0.004086009
"789","Cote d'Ivoire",2006,-0.007273878
"790","Croatia",2006,-0.008986467
"791","Cyprus",2006,0.007262986
"792","Czech Republic",2006,-0.001575139
"793","Denmark",2006,0.010377236
"794","Dominican Republic",2006,0.00354981
"795","Ecuador",2006,0.016406738
"796","Egypt, Arab Rep.",2006,0.00819652
"797","El Salvador",2006,0.008648696
"798","Estonia",2006,0.03187375
"799","Ethiopia",2006,-0.001171738
"800","Finland",2006,0.007784633
"801","France",2006,-0.001187872
"802","Gabon",2006,0.004484811
"803","Georgia",2006,0.004724653
"804","Germany",2006,0.012305698
"805","Ghana",2006,0.002447409
"806","Greece",2006,0.006484151
"807","Guatemala",2006,0.029046755
"808","Guinea",2006,-0.000779114
"809","Haiti",2006,0.004762242
"810","Honduras",2006,0.035765818
"811","Hong Kong SAR, China",2006,-0.000969667
"812","Hungary",2006,0.009415307
"813","India",2006,-0.018161061
"814","Indonesia",2006,0.000258566
"815","Iran, Islamic Rep.",2006,-0.020404062
"816","Iraq",2006,0.036096659
"817","Ireland",2006,0.01221549
"818","Israel",2006,0.007859976
"819","Italy",2006,0.000992004
"820","Jamaica",2006,0.001764017
"821","Japan",2006,0.003673366
"822","Jordan",2006,-0.003737703
"823","Kazakhstan",2006,0.002213677
"824","Kenya",2006,0.002882621
"825","Korea, Rep.",2006,-0.000333109
"826","Kosovo",2006,NA
"827","Kuwait",2006,-0.002609495
"828","Kyrgyz Republic",2006,0.009693849
"829","Lao PDR",2006,-0.002669939
"830","Latvia",2006,0.027518546
"831","Lebanon",2006,0.007122595
"832","Lesotho",2006,-0.007664693
"833","Liberia",2006,0.001731258
"834","Libya",2006,0.007438131
"835","Lithuania",2006,-0.015872276
"836","Luxembourg",2006,0.00708602
"837","Macedonia, FYR",2006,0.026646165
"838","Madagascar",2006,0.007042612
"839","Malawi",2006,0.001933209
"840","Malaysia",2006,-0.002045489
"841","Mali",2006,0.041492068
"842","Malta",2006,0.006712137
"843","Mauritania",2006,-0.003468934
"844","Mauritius",2006,-0.00228207
"845","Mexico",2006,0.01344493
"846","Moldova",2006,-0.025848849
"847","Mongolia",2006,-0.002334963
"848","Montenegro",2006,-0.003166274
"849","Morocco",2006,-0.005780275
"850","Mozambique",2006,-0.004349942
"851","Myanmar",2006,-0.006911515
"852","Namibia",2006,0.004047792
"853","Nepal",2006,-0.00468342
"854","Netherlands",2006,0.006451123
"855","New Zealand",2006,0.007366271
"856","Nicaragua",2006,0.002929937
"857","Niger",2006,0.000796255
"858","Nigeria",2006,0.000548424
"859","Norway",2006,0.00213045
"860","Pakistan",2006,0.01971016
"861","Panama",2006,-0.014289941
"862","Paraguay",2006,0.001122145
"863","Peru",2006,0.01657113
"864","Philippines",2006,0.002993754
"865","Poland",2006,-0.014206109
"866","Portugal",2006,0.006485345
"867","Puerto Rico",2006,0.004348125
"868","Romania",2006,0.022210733
"869","Russian Federation",2006,0.004121928
"870","Rwanda",2006,0.000205931
"871","Saudi Arabia",2006,0.001209394
"872","Senegal",2006,0.000227508
"873","Serbia",2006,-0.003225615
"874","Sierra Leone",2006,-0.012308312
"875","Singapore",2006,0.009370263
"876","Slovak Republic",2006,-0.006012676
"877","Slovenia",2006,0.004538617
"878","Somalia",2006,-0.003646284
"879","South Africa",2006,0.00746164
"880","Spain",2006,0.014894691
"881","Sri Lanka",2006,-0.001146564
"882","South Sudan",2006,-0.001247452
"883","Sweden",2006,-0.006517237
"884","Switzerland",2006,0.005242868
"885","Taiwan",2006,NA
"886","Tajikistan",2006,0.001404218
"887","Tanzania",2006,0.000812639
"888","Thailand",2006,-0.006070501
"889","Togo",2006,0.001333021
"890","Trinidad and Tobago",2006,0.001707155
"891","Tunisia",2006,0.008630027
"892","Turkey",2006,-0.018122554
"893","Turkmenistan",2006,-2.98276e-05
"894","Uganda",2006,0.001287998
"895","Ukraine",2006,-0.000419392
"896","United Arab Emirates",2006,0.001530047
"897","United Kingdom",2006,0.004600033
"898","United States",2006,0.001615916
"899","Uruguay",2006,0.020690975
"900","Uzbekistan",2006,0.000878406
"901","Venezuela, RB",2006,0.008735449
"902","Vietnam",2006,-0.001894156
"903","West Bank and Gaza",2006,0.009332294
"904","Yemen, Rep.",2006,-0.015492121
"905","Zambia",2006,-0.006143249
"906","Zimbabwe",2006,0.001072085
"907","Afghanistan",2007,-0.006651742
"908","Albania",2007,-0.009448349
"909","Algeria",2007,-0.001548049
"910","Angola",2007,0.000409366
"911","Argentina",2007,-0.008815943
"912","Armenia",2007,0.002478201
"913","Australia",2007,0.005010446
"914","Austria",2007,0.015444929
"915","Azerbaijan",2007,0.001201508
"916","Bahrain",2007,0.008987968
"917","Bangladesh",2007,-0.001171601
"918","Belarus",2007,0.004736172
"919","Belgium",2007,0.01011462
"920","Belize",2007,0.011055072
"921","Benin",2007,-0.001859175
"922","Bhutan",2007,0.00494629
"923","Bolivia",2007,-0.023187382
"924","Bosnia and Herzegovina",2007,-0.002004876
"925","Botswana",2007,-0.000814204
"926","Brazil",2007,-0.003366414
"927","Bulgaria",2007,0.028358243
"928","Burkina Faso",2007,-0.008895314
"929","Cambodia",2007,0.009222816
"930","Cameroon",2007,3.91695e-05
"931","Canada",2007,0.007395649
"932","Central African Republic",2007,0.001038063
"933","Chad",2007,-0.000758625
"934","Chile",2007,0.028068644
"935","China",2007,-0.005565547
"936","Colombia",2007,0.013693373
"937","Congo, Dem. Rep.",2007,0.000439408
"938","Congo, Rep.",2007,0.003416899
"939","Costa Rica",2007,0.015749636
"940","Cote d'Ivoire",2007,-0.007516687
"941","Croatia",2007,0.014066146
"942","Cyprus",2007,0.004206237
"943","Czech Republic",2007,-0.006211062
"944","Denmark",2007,-0.003613968
"945","Dominican Republic",2007,0.003247257
"946","Ecuador",2007,-0.008729109
"947","Egypt, Arab Rep.",2007,0.020945583
"948","El Salvador",2007,0.00930343
"949","Estonia",2007,0.005395282
"950","Ethiopia",2007,-0.001347422
"951","Finland",2007,0.004461539
"952","France",2007,0.001146322
"953","Gabon",2007,0.004145825
"954","Georgia",2007,0.005387058
"955","Germany",2007,0.009820929
"956","Ghana",2007,0.002428286
"957","Greece",2007,-0.000490948
"958","Guatemala",2007,-0.015078534
"959","Guinea",2007,-0.001004623
"960","Haiti",2007,0.005061844
"961","Honduras",2007,0.012923351
"962","Hong Kong SAR, China",2007,0.001384529
"963","Hungary",2007,-0.003821678
"964","India",2007,-0.017996223
"965","Indonesia",2007,7.17749e-05
"966","Iran, Islamic Rep.",2007,-0.019353091
"967","Iraq",2007,0.033235845
"968","Ireland",2007,0.00944818
"969","Israel",2007,0.009673704
"970","Italy",2007,-0.003788234
"971","Jamaica",2007,0.001620008
"972","Japan",2007,0.007566334
"973","Jordan",2007,0.034867623
"974","Kazakhstan",2007,0.001999685
"975","Kenya",2007,0.004235157
"976","Korea, Rep.",2007,-0.00057571
"977","Kosovo",2007,NA
"978","Kuwait",2007,0.000314578
"979","Kyrgyz Republic",2007,-0.01190841
"980","Lao PDR",2007,-0.00266487
"981","Latvia",2007,0.022465587
"982","Lebanon",2007,0.006392962
"983","Lesotho",2007,-0.00758343
"984","Liberia",2007,0.001587192
"985","Libya",2007,0.007310332
"986","Lithuania",2007,0.00610173
"987","Luxembourg",2007,-0.007305139
"988","Macedonia, FYR",2007,0.009364905
"989","Madagascar",2007,0.006304144
"990","Malawi",2007,0.002227348
"991","Malaysia",2007,-0.002727636
"992","Mali",2007,0.039370702
"993","Malta",2007,0.018585694
"994","Mauritania",2007,-0.003539645
"995","Mauritius",2007,-0.009937866
"996","Mexico",2007,0.003339762
"997","Moldova",2007,-0.026996851
"998","Mongolia",2007,-0.001934133
"999","Montenegro",2007,-0.004931741
"1000","Morocco",2007,-0.002558802
"1001","Mozambique",2007,-0.005652462
"1002","Myanmar",2007,-0.006644377
"1003","Namibia",2007,0.003443493
"1004","Nepal",2007,-0.004856504
"1005","Netherlands",2007,0.015223394
"1006","New Zealand",2007,0.002223234
"1007","Nicaragua",2007,0.009357751
"1008","Niger",2007,0.000596645
"1009","Nigeria",2007,0.000785662
"1010","Norway",2007,0.009861132
"1011","Pakistan",2007,-0.006943294
"1012","Panama",2007,0.012112968
"1013","Paraguay",2007,0.001230285
"1014","Peru",2007,0.015746642
"1015","Philippines",2007,-0.00045557
"1016","Poland",2007,-0.002714875
"1017","Portugal",2007,0.003567656
"1018","Puerto Rico",2007,-0.010950584
"1019","Romania",2007,-0.009706002
"1020","Russian Federation",2007,0.011688963
"1021","Rwanda",2007,0.002366934
"1022","Saudi Arabia",2007,-0.002435028
"1023","Senegal",2007,0.020260798
"1024","Serbia",2007,-0.000377053
"1025","Sierra Leone",2007,-0.012431246
"1026","Singapore",2007,0.008915783
"1027","Slovak Republic",2007,-0.004591471
"1028","Slovenia",2007,0.008174998
"1029","Somalia",2007,-0.003576343
"1030","South Africa",2007,0.007756567
"1031","Spain",2007,0.009910619
"1032","Sri Lanka",2007,-0.001963036
"1033","South Sudan",2007,-0.00127557
"1034","Sweden",2007,0.00529107
"1035","Switzerland",2007,0.004846606
"1036","Taiwan",2007,NA
"1037","Tajikistan",2007,0.001679477
"1038","Tanzania",2007,0.000202972
"1039","Thailand",2007,0.006184683
"1040","Togo",2007,-0.005263862
"1041","Trinidad and Tobago",2007,-0.001150358
"1042","Tunisia",2007,0.008636184
"1043","Turkey",2007,0.002907732
"1044","Turkmenistan",2007,-0.000222976
"1045","Uganda",2007,0.001188516
"1046","Ukraine",2007,-0.00164832
"1047","United Arab Emirates",2007,0.008863681
"1048","United Kingdom",2007,-0.002170394
"1049","United States",2007,-0.003603046
"1050","Uruguay",2007,0.002209262
"1051","Uzbekistan",2007,0.000966953
"1052","Venezuela, RB",2007,-0.008426558
"1053","Vietnam",2007,-0.002142676
"1054","West Bank and Gaza",2007,0.021009239
"1055","Yemen, Rep.",2007,-0.014851381
"1056","Zambia",2007,-0.006408356
"1057","Zimbabwe",2007,0.00105882
"1058","Afghanistan",2008,-0.006043448
"1059","Albania",2008,-0.00845749
"1060","Algeria",2008,-0.000996681
"1061","Angola",2008,0.000358073
"1062","Argentina",2008,-0.009010368
"1063","Armenia",2008,0.001707671
"1064","Australia",2008,0.003857188
"1065","Austria",2008,0.007639213
"1066","Azerbaijan",2008,-0.001460399
"1067","Bahrain",2008,0.01132846
"1068","Bangladesh",2008,-0.00122401
"1069","Belarus",2008,0.004403155
"1070","Belgium",2008,-0.000133949
"1071","Belize",2008,0.010549597
"1072","Benin",2008,-0.002359271
"1073","Bhutan",2008,0.0030813
"1074","Bolivia",2008,0.00987591
"1075","Bosnia and Herzegovina",2008,-0.002375673
"1076","Botswana",2008,-0.000784135
"1077","Brazil",2008,0.003195578
"1078","Bulgaria",2008,0.023874503
"1079","Burkina Faso",2008,-0.009543818
"1080","Cambodia",2008,0.008515968
"1081","Cameroon",2008,0.000104183
"1082","Canada",2008,0.001583195
"1083","Central African Republic",2008,0.000566914
"1084","Chad",2008,-0.001283765
"1085","Chile",2008,0.017038032
"1086","China",2008,-0.004580346
"1087","Colombia",2008,0.013265819
"1088","Congo, Dem. Rep.",2008,0.00019217
"1089","Congo, Rep.",2008,0.002792607
"1090","Costa Rica",2008,-0.004482886
"1091","Cote d'Ivoire",2008,-0.007812209
"1092","Croatia",2008,0.000488392
"1093","Cyprus",2008,-0.004675608
"1094","Czech Republic",2008,-0.003232143
"1095","Denmark",2008,0.007141942
"1096","Dominican Republic",2008,-0.022093769
"1097","Ecuador",2008,-0.009127504
"1098","Egypt, Arab Rep.",2008,0.007237413
"1099","El Salvador",2008,-0.00135199
"1100","Estonia",2008,0.014938441
"1101","Ethiopia",2008,-0.001523607
"1102","Finland",2008,0.005462704
"1103","France",2008,0.001531339
"1104","Gabon",2008,0.007602362
"1105","Georgia",2008,0.005817131
"1106","Germany",2008,0.003475257
"1107","Ghana",2008,0.00239647
"1108","Greece",2008,0.000803847
"1109","Guatemala",2008,-0.015662928
"1110","Guinea",2008,-0.001651016
"1111","Haiti",2008,0.004792066
"1112","Honduras",2008,0.012539724
"1113","Hong Kong SAR, China",2008,-0.007369162
"1114","Hungary",2008,-0.006063321
"1115","India",2008,-0.017881786
"1116","Indonesia",2008,-0.000473899
"1117","Iran, Islamic Rep.",2008,-0.045892972
"1118","Iraq",2008,0.030824745
"1119","Ireland",2008,-0.00525973
"1120","Israel",2008,-0.000520591
"1121","Italy",2008,0.007701557
"1122","Jamaica",2008,0.001462763
"1123","Japan",2008,0.003278711
"1124","Jordan",2008,-0.004758216
"1125","Kazakhstan",2008,0.002321808
"1126","Kenya",2008,0.005085102
"1127","Korea, Rep.",2008,-0.005563117
"1128","Kosovo",2008,NA
"1129","Kuwait",2008,0.003644536
"1130","Kyrgyz Republic",2008,-0.012887933
"1131","Lao PDR",2008,-0.002463554
"1132","Latvia",2008,0.022027047
"1133","Lebanon",2008,-0.003017378
"1134","Lesotho",2008,-0.007429127
"1135","Liberia",2008,0.001989696
"1136","Libya",2008,0.00575515
"1137","Lithuania",2008,0.007257207
"1138","Luxembourg",2008,-0.002753889
"1139","Macedonia, FYR",2008,0.011685213
"1140","Madagascar",2008,0.005546174
"1141","Malawi",2008,0.002429013
"1142","Malaysia",2008,-0.009058971
"1143","Mali",2008,0.037178579
"1144","Malta",2008,0.005256869
"1145","Mauritania",2008,-0.003552219
"1146","Mauritius",2008,-0.00058949
"1147","Mexico",2008,-0.004130032
"1148","Moldova",2008,-0.028537454
"1149","Mongolia",2008,0.000374531
"1150","Montenegro",2008,-0.005728968
"1151","Morocco",2008,-0.004810161
"1152","Mozambique",2008,-0.007141387
"1153","Myanmar",2008,-0.006054545
"1154","Namibia",2008,0.00319738
"1155","Nepal",2008,-0.004996981
"1156","Netherlands",2008,0.011112681
"1157","New Zealand",2008,-0.002885114
"1158","Nicaragua",2008,0.00920912
"1159","Niger",2008,0.000509372
"1160","Nigeria",2008,0.000949409
"1161","Norway",2008,0.015027839
"1162","Pakistan",2008,-0.001620522
"1163","Panama",2008,0.021990057
"1164","Paraguay",2008,0.001023891
"1165","Peru",2008,-0.002157997
"1166","Philippines",2008,0.000251451
"1167","Poland",2008,0.010524998
"1168","Portugal",2008,0.000838005
"1169","Puerto Rico",2008,-0.017858468
"1170","Romania",2008,-0.00260935
"1171","Russian Federation",2008,0.004153808
"1172","Rwanda",2008,0.003296883
"1173","Saudi Arabia",2008,-0.001518386
"1174","Senegal",2008,0.020285691
"1175","Serbia",2008,-0.014960786
"1176","Sierra Leone",2008,-0.012649567
"1177","Singapore",2008,0.014817078
"1178","Slovak Republic",2008,0.00784881
"1179","Slovenia",2008,0.006077979
"1180","Somalia",2008,-0.003359761
"1181","South Africa",2008,0.028407154
"1182","Spain",2008,0.013780401
"1183","Sri Lanka",2008,-0.002633656
"1184","South Sudan",2008,-0.001410268
"1185","Sweden",2008,0.002006894
"1186","Switzerland",2008,0.008177346
"1187","Taiwan",2008,NA
"1188","Tajikistan",2008,0.001709199
"1189","Tanzania",2008,-3.57952e-05
"1190","Thailand",2008,0.001239571
"1191","Togo",2008,-0.005966998
"1192","Trinidad and Tobago",2008,0.000995261
"1193","Tunisia",2008,0.007928044
"1194","Turkey",2008,0.01628557
"1195","Turkmenistan",2008,1.48608e-05
"1196","Uganda",2008,0.00114523
"1197","Ukraine",2008,-0.001966179
"1198","United Arab Emirates",2008,0.012164903
"1199","United Kingdom",2008,0.00368705
"1200","United States",2008,-0.000957959
"1201","Uruguay",2008,0.006719995
"1202","Uzbekistan",2008,0.001278047
"1203","Venezuela, RB",2008,0.001984888
"1204","Vietnam",2008,-0.001411017
"1205","West Bank and Gaza",2008,0.019586209
"1206","Yemen, Rep.",2008,-0.013917457
"1207","Zambia",2008,-0.006703569
"1208","Zimbabwe",2008,0.00102166
"1209","Afghanistan",2009,-0.004203555
"1210","Albania",2009,-0.002821803
"1211","Algeria",2009,-0.000243921
"1212","Angola",2009,0.000524141
"1213","Argentina",2009,0.005578364
"1214","Armenia",2009,0.005844925
"1215","Australia",2009,-0.002012668
"1216","Austria",2009,0.007730772
"1217","Azerbaijan",2009,-0.001534783
"1218","Bahrain",2009,0.011952984
"1219","Bangladesh",2009,-0.001225445
"1220","Belarus",2009,0.0045991
"1221","Belgium",2009,-0.003898654
"1222","Belize",2009,0.01026364
"1223","Benin",2009,-0.002710615
"1224","Bhutan",2009,0.001766963
"1225","Bolivia",2009,0.002916218
"1226","Bosnia and Herzegovina",2009,-0.002871677
"1227","Botswana",2009,-0.000676987
"1228","Brazil",2009,0.003003665
"1229","Bulgaria",2009,-0.010978234
"1230","Burkina Faso",2009,-0.010209822
"1231","Cambodia",2009,0.008024731
"1232","Cameroon",2009,0.000299693
"1233","Canada",2009,-0.005519633
"1234","Central African Republic",2009,-8.28698e-05
"1235","Chad",2009,-0.001700037
"1236","Chile",2009,-0.002413366
"1237","China",2009,-0.004472043
"1238","Colombia",2009,0.012979475
"1239","Congo, Dem. Rep.",2009,0.000288251
"1240","Congo, Rep.",2009,0.002344396
"1241","Costa Rica",2009,-0.003938403
"1242","Cote d'Ivoire",2009,-0.008178485
"1243","Croatia",2009,-0.001616784
"1244","Cyprus",2009,0.003690965
"1245","Czech Republic",2009,0.004993107
"1246","Denmark",2009,-0.006484933
"1247","Dominican Republic",2009,-0.022858985
"1248","Ecuador",2009,-0.009592466
"1249","Egypt, Arab Rep.",2009,0.007419101
"1250","El Salvador",2009,-0.001553695
"1251","Estonia",2009,-0.002058442
"1252","Ethiopia",2009,-0.001654086
"1253","Finland",2009,-0.01403087
"1254","France",2009,0.004515797
"1255","Gabon",2009,0.007978385
"1256","Georgia",2009,0.006107063
"1257","Germany",2009,0.005583229
"1258","Ghana",2009,0.002338699
"1259","Greece",2009,0.009876271
"1260","Guatemala",2009,-0.01610688
"1261","Guinea",2009,-0.001052374
"1262","Haiti",2009,0.005346533
"1263","Honduras",2009,0.012245815
"1264","Hong Kong SAR, China",2009,-0.001665671
"1265","Hungary",2009,0.000261658
"1266","India",2009,-0.017788651
"1267","Indonesia",2009,0.002428282
"1268","Iran, Islamic Rep.",2009,0.011797424
"1269","Iraq",2009,0.000345782
"1270","Ireland",2009,-0.018318827
"1271","Israel",2009,-0.000591205
"1272","Italy",2009,-0.010238063
"1273","Jamaica",2009,0.001376302
"1274","Japan",2009,0.003173026
"1275","Jordan",2009,0.020376115
"1276","Kazakhstan",2009,-0.005830143
"1277","Kenya",2009,0.003756682
"1278","Korea, Rep.",2009,-0.009526859
"1279","Kosovo",2009,NA
"1280","Kuwait",2009,0.008031714
"1281","Kyrgyz Republic",2009,-0.014034708
"1282","Lao PDR",2009,-0.002002802
"1283","Latvia",2009,-0.008233436
"1284","Lebanon",2009,-0.003643722
"1285","Lesotho",2009,-0.007327887
"1286","Liberia",2009,0.001528775
"1287","Libya",2009,0.004102655
"1288","Lithuania",2009,0.017580967
"1289","Luxembourg",2009,0.031161383
"1290","Macedonia, FYR",2009,0.007279915
"1291","Madagascar",2009,0.004756265
"1292","Malawi",2009,0.002487637
"1293","Malaysia",2009,0.004515084
"1294","Mali",2009,0.034993212
"1295","Malta",2009,0.003677502
"1296","Mauritania",2009,-0.003486068
"1297","Mauritius",2009,0.001211603
"1298","Mexico",2009,6.18644e-05
"1299","Moldova",2009,-0.030577726
"1300","Mongolia",2009,0.004037133
"1301","Montenegro",2009,-0.006826504
"1302","Morocco",2009,0.00077714
"1303","Mozambique",2009,-0.008826837
"1304","Myanmar",2009,-0.006521545
"1305","Namibia",2009,0.003437416
"1306","Nepal",2009,0.000340272
"1307","Netherlands",2009,0.004053764
"1308","New Zealand",2009,-0.004822469
"1309","Nicaragua",2009,0.008941035
"1310","Niger",2009,0.000223578
"1311","Nigeria",2009,0.001057887
"1312","Norway",2009,-0.015255071
"1313","Pakistan",2009,0.013130971
"1314","Panama",2009,0.01175341
"1315","Paraguay",2009,0.006382836
"1316","Peru",2009,0.006686744
"1317","Philippines",2009,0.007196509
"1318","Poland",2009,0.013109228
"1319","Portugal",2009,-0.008184471
"1320","Puerto Rico",2009,-0.011722616
"1321","Romania",2009,0.002568345
"1322","Russian Federation",2009,-0.001986119
"1323","Rwanda",2009,0.002842589
"1324","Saudi Arabia",2009,-0.003618929
"1325","Senegal",2009,0.020210123
"1326","Serbia",2009,-0.027265035
"1327","Sierra Leone",2009,-0.012952802
"1328","Singapore",2009,-0.001794006
"1329","Slovak Republic",2009,-0.005724567
"1330","Slovenia",2009,-0.002115848
"1331","Somalia",2009,-0.002680033
"1332","South Africa",2009,-0.030055297
"1333","Spain",2009,0.005684413
"1334","Sri Lanka",2009,-0.0029414
"1335","South Sudan",2009,-0.001851876
"1336","Sweden",2009,-0.006663467
"1337","Switzerland",2009,0.001614867
"1338","Taiwan",2009,NA
"1339","Tajikistan",2009,0.001641317
"1340","Tanzania",2009,0
"1341","Thailand",2009,-0.002029312
"1342","Togo",2009,-0.006817943
"1343","Trinidad and Tobago",2009,-0.00974386
"1344","Tunisia",2009,-0.010854642
"1345","Turkey",2009,0.019727227
"1346","Turkmenistan",2009,0.000921925
"1347","Uganda",2009,0.001199689
"1348","Ukraine",2009,-0.001443749
"1349","United Arab Emirates",2009,0.010794583
"1350","United Kingdom",2009,-0.002576737
"1351","United States",2009,-0.009980531
"1352","Uruguay",2009,0.006555768
"1353","Uzbekistan",2009,0.001691999
"1354","Venezuela, RB",2009,0.001878186
"1355","Vietnam",2009,-0.000810983
"1356","West Bank and Gaza",2009,-0.032024041
"1357","Yemen, Rep.",2009,-0.01258022
"1358","Zambia",2009,-0.007042826
"1359","Zimbabwe",2009,0.000960614
"1360","Afghanistan",2010,-0.001677233
"1361","Albania",2010,-0.000385855
"1362","Algeria",2010,0.005832531
"1363","Angola",2010,0.000281137
"1364","Argentina",2010,-0.022408291
"1365","Armenia",2010,0.045341586
"1366","Australia",2010,0.00095596
"1367","Austria",2010,0.003330165
"1368","Azerbaijan",2010,-0.001667699
"1369","Bahrain",2010,0.010904231
"1370","Bangladesh",2010,-0.001226949
"1371","Belarus",2010,0.004979608
"1372","Belgium",2010,0.010591727
"1373","Belize",2010,0.01001452
"1374","Benin",2010,-0.002953703
"1375","Bhutan",2010,-0.027733665
"1376","Bolivia",2010,0.000540977
"1377","Bosnia and Herzegovina",2010,-0.002335536
"1378","Botswana",2010,-0.046421745
"1379","Brazil",2010,-0.014165703
"1380","Bulgaria",2010,-0.012476539
"1381","Burkina Faso",2010,-0.010964107
"1382","Cambodia",2010,0.007591225
"1383","Cameroon",2010,0.000455814
"1384","Canada",2010,-0.001525409
"1385","Central African Republic",2010,-0.000815481
"1386","Chad",2010,-0.002228959
"1387","Chile",2010,0.041676422
"1388","China",2010,-0.004907766
"1389","Colombia",2010,0.00782406
"1390","Congo, Dem. Rep.",2010,8.2274e-05
"1391","Congo, Rep.",2010,0.001672722
"1392","Costa Rica",2010,-0.022589932
"1393","Cote d'Ivoire",2010,-0.008488378
"1394","Croatia",2010,-0.006080275
"1395","Cyprus",2010,0.007577639
"1396","Czech Republic",2010,0.001070821
"1397","Denmark",2010,-0.011908485
"1398","Dominican Republic",2010,0.0252991
"1399","Ecuador",2010,-0.033998505
"1400","Egypt, Arab Rep.",2010,0.008524173
"1401","El Salvador",2010,-0.002002916
"1402","Estonia",2010,-0.002507646
"1403","Ethiopia",2010,-0.001703561
"1404","Finland",2010,-0.005751051
"1405","France",2010,0.00065437
"1406","Gabon",2010,0.007192136
"1407","Georgia",2010,0.024251183
"1408","Germany",2010,0.004701122
"1409","Ghana",2010,0.002320188
"1410","Greece",2010,0.005434718
"1411","Guatemala",2010,-0.01641606
"1412","Guinea",2010,-0.001474875
"1413","Haiti",2010,0.004033816
"1414","Honduras",2010,0.005561194
"1415","Hong Kong SAR, China",2010,-0.016828804
"1416","Hungary",2010,0.010807706
"1417","India",2010,-0.017735652
"1418","Indonesia",2010,0.002494139
"1419","Iran, Islamic Rep.",2010,-0.011264585
"1420","Iraq",2010,-0.00298925
"1421","Ireland",2010,-0.013882442
"1422","Israel",2010,0.004760594
"1423","Italy",2010,-0.002750839
"1424","Jamaica",2010,0.001781116
"1425","Japan",2010,0.002554647
"1426","Jordan",2010,-0.016756274
"1427","Kazakhstan",2010,0.003508153
"1428","Kenya",2010,0.001569423
"1429","Korea, Rep.",2010,0.005709571
"1430","Kosovo",2010,NA
"1431","Kuwait",2010,0.007727475
"1432","Kyrgyz Republic",2010,0.002725413
"1433","Lao PDR",2010,-0.001403507
"1434","Latvia",2010,-0.007257337
"1435","Lebanon",2010,-0.001059181
"1436","Lesotho",2010,-0.007295748
"1437","Liberia",2010,-0.000122819
"1438","Libya",2010,0.006218529
"1439","Lithuania",2010,0.010053348
"1440","Luxembourg",2010,-0.005458579
"1441","Macedonia, FYR",2010,0.004474052
"1442","Madagascar",2010,0.003878155
"1443","Malawi",2010,0.002481464
"1444","Malaysia",2010,-0.000984725
"1445","Mali",2010,0.032846244
"1446","Malta",2010,0.017177037
"1447","Mauritania",2010,-0.003419249
"1448","Mauritius",2010,0.013406987
"1449","Mexico",2010,-0.002367466
"1450","Moldova",2010,-0.019711339
"1451","Mongolia",2010,-0.001475398
"1452","Montenegro",2010,-0.007196698
"1453","Morocco",2010,0.000757607
"1454","Mozambique",2010,-0.010722653
"1455","Myanmar",2010,-0.006312879
"1456","Namibia",2010,0.004024355
"1457","Nepal",2010,0.000469202
"1458","Netherlands",2010,-0.019196508
"1459","New Zealand",2010,-0.004122196
"1460","Nicaragua",2010,0.008572921
"1461","Niger",2010,4.96307e-05
"1462","Nigeria",2010,0.001075049
"1463","Norway",2010,-0.010314947
"1464","Pakistan",2010,-0.033968125
"1465","Panama",2010,-0.007612446
"1466","Paraguay",2010,-0.02498986
"1467","Peru",2010,0.00883989
"1468","Philippines",2010,-0.000733184
"1469","Poland",2010,0.013867252
"1470","Portugal",2010,0.001770291
"1471","Puerto Rico",2010,-0.01171009
"1472","Romania",2010,0.029547986
"1473","Russian Federation",2010,-0.001550905
"1474","Rwanda",2010,0.00138327
"1475","Saudi Arabia",2010,0.017716037
"1476","Senegal",2010,0.019988202
"1477","Serbia",2010,-0.016384579
"1478","Sierra Leone",2010,-0.013297563
"1479","Singapore",2010,0.007838873
"1480","Slovak Republic",2010,0.003141817
"1481","Slovenia",2010,0.000823102
"1482","Somalia",2010,-0.001406646
"1483","South Africa",2010,-0.030359508
"1484","Spain",2010,0.006635266
"1485","Sri Lanka",2010,-0.018337581
"1486","South Sudan",2010,-0.002509289
"1487","Sweden",2010,0.001230045
"1488","Switzerland",2010,-0.01474113
"1489","Taiwan",2010,NA
"1490","Tajikistan",2010,0.001103228
"1491","Tanzania",2010,0.000143277
"1492","Thailand",2010,-0.00346592
"1493","Togo",2010,-0.007747806
"1494","Trinidad and Tobago",2010,0.004675996
"1495","Tunisia",2010,0.005307982
"1496","Turkey",2010,0.024048133
"1497","Turkmenistan",2010,0.002064856
"1498","Uganda",2010,0.001281913
"1499","Ukraine",2010,0.000602442
"1500","United Arab Emirates",2010,0.012501933
"1501","United Kingdom",2010,-0.003259084
"1502","United States",2010,-0.010203957
"1503","Uruguay",2010,0.005669237
"1504","Uzbekistan",2010,0.002163371
"1505","Venezuela, RB",2010,-0.001889303
"1506","Vietnam",2010,0.003234183
"1507","West Bank and Gaza",2010,-0.012607712
"1508","Yemen, Rep.",2010,-0.011041858
"1509","Zambia",2010,-0.007440244
"1510","Zimbabwe",2010,0.000899654
"1511","Afghanistan",2011,0.005946247
"1512","Albania",2011,0.021875099
"1513","Algeria",2011,0.006019156
"1514","Angola",2011,0.001021807
"1515","Argentina",2011,0.01818562
"1516","Armenia",2011,0.019162726
"1517","Australia",2011,0.002564293
"1518","Austria",2011,0.004703143
"1519","Azerbaijan",2011,-0.002193474
"1520","Bahrain",2011,-0.010759421
"1521","Bangladesh",2011,-0.000648399
"1522","Belarus",2011,0.005700731
"1523","Belgium",2011,-0.015151985
"1524","Belize",2011,0.011852268
"1525","Benin",2011,-0.002531318
"1526","Bhutan",2011,-0.028092169
"1527","Bolivia",2011,-0.000581213
"1528","Bosnia and Herzegovina",2011,-0.002323411
"1529","Botswana",2011,0.071319005
"1530","Brazil",2011,-0.014609531
"1531","Bulgaria",2011,-0.011060473
"1532","Burkina Faso",2011,-0.011518443
"1533","Cambodia",2011,-0.002499883
"1534","Cameroon",2011,0.001236802
"1535","Canada",2011,-0.000885811
"1536","Central African Republic",2011,0.002780216
"1537","Chad",2011,-0.001082352
"1538","Chile",2011,0.018006338
"1539","China",2011,-0.001630917
"1540","Colombia",2011,0.012175997
"1541","Congo, Dem. Rep.",2011,0.000946596
"1542","Congo, Rep.",2011,0.003169917
"1543","Costa Rica",2011,0.024974337
"1544","Cote d'Ivoire",2011,-0.008610004
"1545","Croatia",2011,-0.013372197
"1546","Cyprus",2011,-0.007451565
"1547","Czech Republic",2011,0.004734709
"1548","Denmark",2011,-0.003592855
"1549","Dominican Republic",2011,0.020618786
"1550","Ecuador",2011,-0.012031522
"1551","Egypt, Arab Rep.",2011,-0.006631341
"1552","El Salvador",2011,0.003736017
"1553","Estonia",2011,0.011542309
"1554","Ethiopia",2011,-0.001531069
"1555","Finland",2011,0.004479482
"1556","France",2011,-0.001947617
"1557","Gabon",2011,0.004404797
"1558","Georgia",2011,0.023377046
"1559","Germany",2011,0.009201831
"1560","Ghana",2011,0.002689948
"1561","Greece",2011,-0.006005948
"1562","Guatemala",2011,-0.016550967
"1563","Guinea",2011,-0.001145421
"1564","Haiti",2011,0.005838369
"1565","Honduras",2011,-0.022015863
"1566","Hong Kong SAR, China",2011,0.010884562
"1567","Hungary",2011,0.007537885
"1568","India",2011,-0.011996703
"1569","Indonesia",2011,-0.001401215
"1570","Iran, Islamic Rep.",2011,-0.00848361
"1571","Iraq",2011,-0.003385759
"1572","Ireland",2011,-0.004257717
"1573","Israel",2011,-0.003700744
"1574","Italy",2011,0.001822828
"1575","Jamaica",2011,0.001973944
"1576","Japan",2011,-0.001375184
"1577","Jordan",2011,-0.014681841
"1578","Kazakhstan",2011,0.001826166
"1579","Kenya",2011,0.001175309
"1580","Korea, Rep.",2011,0.004728357
"1581","Kosovo",2011,NA
"1582","Kuwait",2011,0.003140188
"1583","Kyrgyz Republic",2011,0.007341669
"1584","Lao PDR",2011,-0.000123316
"1585","Latvia",2011,-0.000696804
"1586","Lebanon",2011,0.00202056
"1587","Lesotho",2011,-0.006857525
"1588","Liberia",2011,-0.00110551
"1589","Libya",2011,-0.023313353
"1590","Lithuania",2011,0.016806711
"1591","Luxembourg",2011,-0.00404652
"1592","Macedonia, FYR",2011,0.000233599
"1593","Madagascar",2011,-0.003940615
"1594","Malawi",2011,0.002834432
"1595","Malaysia",2011,0.019523002
"1596","Mali",2011,0.027632685
"1597","Malta",2011,0.023959034
"1598","Mauritania",2011,-0.003331798
"1599","Mauritius",2011,-0.004572242
"1600","Mexico",2011,0.002062929
"1601","Moldova",2011,0.009539401
"1602","Mongolia",2011,0.017406248
"1603","Montenegro",2011,-0.006580506
"1604","Morocco",2011,9.46473e-05
"1605","Mozambique",2011,-0.012846087
"1606","Myanmar",2011,-0.003837163
"1607","Namibia",2011,0.007138594
"1608","Nepal",2011,0.002966226
"1609","Netherlands",2011,-0.002224358
"1610","New Zealand",2011,0.002647078
"1611","Nicaragua",2011,0.00847004
"1612","Niger",2011,-2.48141e-05
"1613","Nigeria",2011,0.001037443
"1614","Norway",2011,-0.004294585
"1615","Pakistan",2011,0.000968939
"1616","Panama",2011,-0.029186635
"1617","Paraguay",2011,0.005170568
"1618","Peru",2011,-0.004099754
"1619","Philippines",2011,0.012505189
"1620","Poland",2011,0.006175456
"1621","Portugal",2011,-0.000163131
"1622","Puerto Rico",2011,-0.009605676
"1623","Romania",2011,-0.012286751
"1624","Russian Federation",2011,0.004687421
"1625","Rwanda",2011,0.000917134
"1626","Saudi Arabia",2011,0.020425988
"1627","Senegal",2011,0.020296395
"1628","Serbia",2011,0.011171727
"1629","Sierra Leone",2011,-0.013444525
"1630","Singapore",2011,0.001728411
"1631","Slovak Republic",2011,0.001762536
"1632","Slovenia",2011,-0.013784718
"1633","Somalia",2011,-0.002144379
"1634","South Africa",2011,0.001401192
"1635","Spain",2011,0.004285772
"1636","Sri Lanka",2011,-0.004063843
"1637","South Sudan",2011,-0.001405065
"1638","Sweden",2011,0.00938494
"1639","Switzerland",2011,0.009006504
"1640","Taiwan",2011,NA
"1641","Tajikistan",2011,0.000923722
"1642","Tanzania",2011,0.000489422
"1643","Thailand",2011,0.014617556
"1644","Togo",2011,-0.008710688
"1645","Trinidad and Tobago",2011,0.002769731
"1646","Tunisia",2011,0.008859144
"1647","Turkey",2011,0.022650185
"1648","Turkmenistan",2011,0.003142759
"1649","Uganda",2011,0.001502904
"1650","Ukraine",2011,0.005072368
"1651","United Arab Emirates",2011,-0.002138413
"1652","United Kingdom",2011,0.001368983
"1653","United States",2011,-0.008035065
"1654","Uruguay",2011,0.005361921
"1655","Uzbekistan",2011,0.002616904
"1656","Venezuela, RB",2011,0.00098316
"1657","Vietnam",2011,0.004057283
"1658","West Bank and Gaza",2011,0.044406572
"1659","Yemen, Rep.",2011,-0.019606395
"1660","Zambia",2011,-0.007016229
"1661","Zimbabwe",2011,0.001713932
"1662","Afghanistan",2012,0.008275438
"1663","Albania",2012,0.021375419
"1664","Algeria",2012,0.006596882
"1665","Angola",2012,0.000421156
"1666","Argentina",2012,0.001155648
"1667","Armenia",2012,-0.002333252
"1668","Australia",2012,-0.003184075
"1669","Austria",2012,0.007382864
"1670","Azerbaijan",2012,0.003959754
"1671","Bahrain",2012,0.001622581
"1672","Bangladesh",2012,-0.000529242
"1673","Belarus",2012,0.006026115
"1674","Belgium",2012,0.002536642
"1675","Belize",2012,0.009685589
"1676","Benin",2012,-0.000111595
"1677","Bhutan",2012,-0.030871202
"1678","Bolivia",2012,-0.04029002
"1679","Bosnia and Herzegovina",2012,-0.003105074
"1680","Botswana",2012,0.056141651
"1681","Brazil",2012,-0.002939322
"1682","Bulgaria",2012,0.016367136
"1683","Burkina Faso",2012,-0.012344814
"1684","Cambodia",2012,-0.002506148
"1685","Cameroon",2012,0.001131309
"1686","Canada",2012,-0.000102737
"1687","Central African Republic",2012,0.001586199
"1688","Chad",2012,-0.001750236
"1689","Chile",2012,0.000903719
"1690","China",2012,-0.001267661
"1691","Colombia",2012,0.014413562
"1692","Congo, Dem. Rep.",2012,0.000630537
"1693","Congo, Rep.",2012,0.00183384
"1694","Costa Rica",2012,-0.006851036
"1695","Cote d'Ivoire",2012,-0.0087506
"1696","Croatia",2012,-0.00429975
"1697","Cyprus",2012,0.00090539
"1698","Czech Republic",2012,0.014662742
"1699","Denmark",2012,-0.008717363
"1700","Dominican Republic",2012,0.003540502
"1701","Ecuador",2012,0.010267791
"1702","Egypt, Arab Rep.",2012,0.003646521
"1703","El Salvador",2012,0.003814463
"1704","Estonia",2012,0.001763641
"1705","Ethiopia",2012,-0.001498318
"1706","Finland",2012,0.003897048
"1707","France",2012,0.007606572
"1708","Gabon",2012,0.005467276
"1709","Georgia",2012,0.013047145
"1710","Germany",2012,-0.000929854
"1711","Ghana",2012,0.002631169
"1712","Greece",2012,0.003536922
"1713","Guatemala",2012,0.077934509
"1714","Guinea",2012,-0.001478748
"1715","Haiti",2012,0.005550186
"1716","Honduras",2012,-0.023053668
"1717","Hong Kong SAR, China",2012,0.012315811
"1718","Hungary",2012,0.019329915
"1719","India",2012,-0.012072121
"1720","Indonesia",2012,-0.001603745
"1721","Iran, Islamic Rep.",2012,-0.007772256
"1722","Iraq",2012,-0.009761934
"1723","Ireland",2012,0.000259117
"1724","Israel",2012,0.0081044
"1725","Italy",2012,0.022430142
"1726","Jamaica",2012,0.002067913
"1727","Japan",2012,0.00203868
"1728","Jordan",2012,-0.021257002
"1729","Kazakhstan",2012,0.0028775
"1730","Kenya",2012,-0.000376268
"1731","Korea, Rep.",2012,0.004264555
"1732","Kosovo",2012,NA
"1733","Kuwait",2012,0.002096252
"1734","Kyrgyz Republic",2012,-0.009370462
"1735","Lao PDR",2012,0.000320604
"1736","Latvia",2012,0.0210301
"1737","Lebanon",2012,0.002695223
"1738","Lesotho",2012,-0.006744724
"1739","Liberia",2012,-0.001949969
"1740","Libya",2012,0.018928102
"1741","Lithuania",2012,0.006768206
"1742","Luxembourg",2012,0.020255629
"1743","Macedonia, FYR",2012,-0.005698674
"1744","Madagascar",2012,-0.004767524
"1745","Malawi",2012,0.002698501
"1746","Malaysia",2012,0.017449528
"1747","Mali",2012,0.025234693
"1748","Malta",2012,0.019751477
"1749","Mauritania",2012,-0.003243498
"1750","Mauritius",2012,0.007529141
"1751","Mexico",2012,0.011423071
"1752","Moldova",2012,-0.036437834
"1753","Mongolia",2012,-0.008777657
"1754","Montenegro",2012,0.006900081
"1755","Morocco",2012,-0.013662859
"1756","Mozambique",2012,-0.015293105
"1757","Myanmar",2012,-0.004853709
"1758","Namibia",2012,0.007926756
"1759","Nepal",2012,0.003062692
"1760","Netherlands",2012,0.010916185
"1761","New Zealand",2012,-0.002238927
"1762","Nicaragua",2012,0.008144755
"1763","Niger",2012,-0.000173798
"1764","Nigeria",2012,0.001018196
"1765","Norway",2012,0.004969764
"1766","Pakistan",2012,0.006273653
"1767","Panama",2012,0.020032988
"1768","Paraguay",2012,0.040142148
"1769","Peru",2012,-0.001880137
"1770","Philippines",2012,-0.006398885
"1771","Poland",2012,0.01098699
"1772","Portugal",2012,-0.002324759
"1773","Puerto Rico",2012,-0.009427744
"1774","Romania",2012,0.011735377
"1775","Russian Federation",2012,0.001450345
"1776","Rwanda",2012,-0.000373353
"1777","Saudi Arabia",2012,0.021877417
"1778","Senegal",2012,0.001937801
"1779","Serbia",2012,0.012763192
"1780","Sierra Leone",2012,-0.013790985
"1781","Singapore",2012,0.009270824
"1782","Slovak Republic",2012,0.010702498
"1783","Slovenia",2012,0.001554517
"1784","Somalia",2012,-0.000863838
"1785","South Africa",2012,0.007820995
"1786","Spain",2012,0.00460523
"1787","Sri Lanka",2012,-0.015498814
"1788","South Sudan",2012,-0.001942952
"1789","Sweden",2012,0.004630078
"1790","Switzerland",2012,0.002633995
"1791","Taiwan",2012,NA
"1792","Tajikistan",2012,0.000259036
"1793","Tanzania",2012,0.005142336
"1794","Thailand",2012,-0.004996226
"1795","Togo",2012,0.000505752
"1796","Trinidad and Tobago",2012,0.001907865
"1797","Tunisia",2012,0.017072784
"1798","Turkey",2012,0.000511566
"1799","Turkmenistan",2012,0.004152601
"1800","Uganda",2012,0.001514536
"1801","Ukraine",2012,-0.005346346
"1802","United Arab Emirates",2012,-0.002712208
"1803","United Kingdom",2012,0.006981789
"1804","United States",2012,-0.000458459
"1805","Uruguay",2012,-0.004407493
"1806","Uzbekistan",2012,0.002919921
"1807","Venezuela, RB",2012,-0.008267898
"1808","Vietnam",2012,0.004956456
"1809","West Bank and Gaza",2012,0.014852092
"1810","Yemen, Rep.",2012,-0.017245243
"1811","Zambia",2012,-0.007274759
"1812","Zimbabwe",2012,0.001734825
"1813","Afghanistan",2013,0.009826727
"1814","Albania",2013,-0.058176294
"1815","Algeria",2013,0.023579877
"1816","Angola",2013,-0.000127578
"1817","Argentina",2013,-0.004047288
"1818","Armenia",2013,0.00810965
"1819","Australia",2013,-5.23369e-05
"1820","Austria",2013,0.004261805
"1821","Azerbaijan",2013,0.004799764
"1822","Bahrain",2013,0.000823644
"1823","Bangladesh",2013,-0.00054666
"1824","Belarus",2013,0.006029492
"1825","Belgium",2013,0.009671873
"1826","Belize",2013,-0.010168526
"1827","Benin",2013,-0.000278858
"1828","Bhutan",2013,0.006963487
"1829","Bolivia",2013,0.00190251
"1830","Bosnia and Herzegovina",2013,-0.0029378
"1831","Botswana",2013,0.045337169
"1832","Brazil",2013,0.000718976
"1833","Bulgaria",2013,0.01947335
"1834","Burkina Faso",2013,-0.013242795
"1835","Cambodia",2013,-0.002397172
"1836","Cameroon",2013,0.000883097
"1837","Canada",2013,0.002608689
"1838","Central African Republic",2013,0.000826358
"1839","Chad",2013,-0.001962023
"1840","Chile",2013,0.002249692
"1841","China",2013,-0.001046743
"1842","Colombia",2013,-0.00111468
"1843","Congo, Dem. Rep.",2013,0.000219138
"1844","Congo, Rep.",2013,0.000760383
"1845","Costa Rica",2013,0.006583432
"1846","Cote d'Ivoire",2013,-0.008794617
"1847","Croatia",2013,-0.002847624
"1848","Cyprus",2013,0.004063454
"1849","Czech Republic",2013,0.018465666
"1850","Denmark",2013,-0.005807373
"1851","Dominican Republic",2013,0.004967978
"1852","Ecuador",2013,-0.007814567
"1853","Egypt, Arab Rep.",2013,0.009150463
"1854","El Salvador",2013,0.008473299
"1855","Estonia",2013,0.003934621
"1856","Ethiopia",2013,-0.001441982
"1857","Finland",2013,-0.000680267
"1858","France",2013,0.006093075
"1859","Gabon",2013,0.006052502
"1860","Georgia",2013,-0.009063571
"1861","Germany",2013,0.004731215
"1862","Ghana",2013,0.002611407
"1863","Greece",2013,0.000293658
"1864","Guatemala",2013,-0.077231676
"1865","Guinea",2013,-0.001465834
"1866","Haiti",2013,0.005757459
"1867","Honduras",2013,0.035396582
"1868","Hong Kong SAR, China",2013,0.012995243
"1869","Hungary",2013,0.013198741
"1870","India",2013,0.000462478
"1871","Indonesia",2013,-0.001864321
"1872","Iran, Islamic Rep.",2013,-0.007359087
"1873","Iraq",2013,-0.002087417
"1874","Ireland",2013,0.008636054
"1875","Israel",2013,0.002163307
"1876","Italy",2013,-0.003149767
"1877","Jamaica",2013,0.002230874
"1878","Japan",2013,0.0118029
"1879","Jordan",2013,-0.021883389
"1880","Kazakhstan",2013,0.003167787
"1881","Kenya",2013,-0.001550667
"1882","Korea, Rep.",2013,0.003609381
"1883","Kosovo",2013,NA
"1884","Kuwait",2013,0.001561905
"1885","Kyrgyz Republic",2013,-0.022130484
"1886","Lao PDR",2013,0.000258902
"1887","Latvia",2013,-0.006575475
"1888","Lebanon",2013,0.004101732
"1889","Lesotho",2013,-0.006423735
"1890","Liberia",2013,-0.003045084
"1891","Libya",2013,-0.009878808
"1892","Lithuania",2013,0.007708873
"1893","Luxembourg",2013,0.003113473
"1894","Macedonia, FYR",2013,0.015033105
"1895","Madagascar",2013,-0.005862336
"1896","Malawi",2013,0.002563664
"1897","Malaysia",2013,0.025380449
"1898","Mali",2013,0.022856468
"1899","Malta",2013,0.029433184
"1900","Mauritania",2013,-0.000419227
"1901","Mauritius",2013,0.014522754
"1902","Mexico",2013,-0.002923021
"1903","Moldova",2013,0.015932906
"1904","Mongolia",2013,0.009386726
"1905","Montenegro",2013,-0.000805158
"1906","Morocco",2013,0.00243657
"1907","Mozambique",2013,-0.001451654
"1908","Myanmar",2013,-0.00540191
"1909","Namibia",2013,0.00854963
"1910","Nepal",2013,0.002657147
"1911","Netherlands",2013,0.004828794
"1912","New Zealand",2013,0.005291929
"1913","Nicaragua",2013,0.007886237
"1914","Niger",2013,-0.000372475
"1915","Nigeria",2013,0.000944476
"1916","Norway",2013,-0.000935201
"1917","Pakistan",2013,0.006252959
"1918","Panama",2013,0.01599666
"1919","Paraguay",2013,-0.010994316
"1920","Peru",2013,-0.004432195
"1921","Philippines",2013,-0.004003837
"1922","Poland",2013,0.007345088
"1923","Portugal",2013,-0.004565015
"1924","Puerto Rico",2013,-0.009654273
"1925","Romania",2013,0.001608499
"1926","Russian Federation",2013,0.000245891
"1927","Rwanda",2013,-0.001097598
"1928","Saudi Arabia",2013,0.017494967
"1929","Senegal",2013,0.001934118
"1930","Serbia",2013,0.014833015
"1931","Sierra Leone",2013,-0.014116154
"1932","Singapore",2013,0.000651224
"1933","Slovak Republic",2013,0.005683106
"1934","Slovenia",2013,-0.001439279
"1935","Somalia",2013,0.000189762
"1936","South Africa",2013,0.009914085
"1937","Spain",2013,0.000107588
"1938","Sri Lanka",2013,0.032373808
"1939","South Sudan",2013,-0.002336183
"1940","Sweden",2013,0.011552911
"1941","Switzerland",2013,0.001958151
"1942","Taiwan",2013,NA
"1943","Tajikistan",2013,-0.000113307
"1944","Tanzania",2013,0.003537261
"1945","Thailand",2013,-0.017987909
"1946","Togo",2013,0.000151562
"1947","Trinidad and Tobago",2013,0.000895197
"1948","Tunisia",2013,-0.002254868
"1949","Turkey",2013,0.020186754
"1950","Turkmenistan",2013,0.004577031
"1951","Uganda",2013,-0.001290283
"1952","Ukraine",2013,0.012436449
"1953","United Arab Emirates",2013,-0.002464492
"1954","United Kingdom",2013,0.005074832
"1955","United States",2013,-0.003614102
"1956","Uruguay",2013,-0.005605855
"1957","Uzbekistan",2013,0.003220028
"1958","Venezuela, RB",2013,0.004079716
"1959","Vietnam",2013,0.005490877
"1960","West Bank and Gaza",2013,0.002587867
"1961","Yemen, Rep.",2013,-0.01543396
"1962","Zambia",2013,-0.001263017
"1963","Zimbabwe",2013,0.001660196
"1964","Afghanistan",2014,0.010339314
"1965","Albania",2014,0.019684572
"1966","Algeria",2014,-0.046881697
"1967","Angola",2014,-0.00054853
"1968","Argentina",2014,-0.010958888
"1969","Armenia",2014,-0.003133382
"1970","Australia",2014,-0.00058922
"1971","Austria",2014,-0.002921705
"1972","Azerbaijan",2014,0.008889748
"1973","Bahrain",2014,0.001193323
"1974","Bangladesh",2014,-0.000649453
"1975","Belarus",2014,0.005509142
"1976","Belgium",2014,0.004122303
"1977","Belize",2014,-0.010556724
"1978","Benin",2014,-0.000306925
"1979","Bhutan",2014,-0.028662206
"1980","Bolivia",2014,0.030789723
"1981","Bosnia and Herzegovina",2014,-0.002893236
"1982","Botswana",2014,0.00187027
"1983","Brazil",2014,-0.001408303
"1984","Bulgaria",2014,0.009521456
"1985","Burkina Faso",2014,-0.014159587
"1986","Cambodia",2014,-0.001825269
"1987","Cameroon",2014,0.000480166
"1988","Canada",2014,-0.003588859
"1989","Central African Republic",2014,-0.000935696
"1990","Chad",2014,-0.002286595
"1991","Chile",2014,0.003972373
"1992","China",2014,-0.000956298
"1993","Colombia",2014,-0.000228539
"1994","Congo, Dem. Rep.",2014,-0.000287628
"1995","Congo, Rep.",2014,-0.000464278
"1996","Costa Rica",2014,0.024224538
"1997","Cote d'Ivoire",2014,-0.008621545
"1998","Croatia",2014,0.038285299
"1999","Cyprus",2014,0.014746687
"2000","Czech Republic",2014,0.010013135
"2001","Denmark",2014,0.000564952
"2002","Dominican Republic",2014,0.007436555
"2003","Ecuador",2014,-0.002903293
"2004","Egypt, Arab Rep.",2014,-0.012172587
"2005","El Salvador",2014,-0.005500091
"2006","Estonia",2014,0.001740459
"2007","Ethiopia",2014,-0.003545581
"2008","Finland",2014,0.003964613
"2009","France",2014,0.000449614
"2010","Gabon",2014,0.006894577
"2011","Georgia",2014,0.005810387
"2012","Germany",2014,0.0006562
"2013","Ghana",2014,-0.000372072
"2014","Greece",2014,-0.00258379
"2015","Guatemala",2014,0.008222521
"2016","Guinea",2014,-0.001240987
"2017","Haiti",2014,0.005280864
"2018","Honduras",2014,0.033711595
"2019","Hong Kong SAR, China",2014,0.002639031
"2020","Hungary",2014,0.035380635
"2021","India",2014,0.000284439
"2022","Indonesia",2014,-0.003778797
"2023","Iran, Islamic Rep.",2014,-0.007299915
"2024","Iraq",2014,0.005322563
"2025","Ireland",2014,0.000156995
"2026","Israel",2014,0.00798003
"2027","Italy",2014,0.008673393
"2028","Jamaica",2014,0.002309442
"2029","Japan",2014,0.007830048
"2030","Jordan",2014,-0.001876422
"2031","Kazakhstan",2014,0.00385676
"2032","Kenya",2014,-0.001749108
"2033","Korea, Rep.",2014,0.019115393
"2034","Kosovo",2014,NA
"2035","Kuwait",2014,0.000362035
"2036","Kyrgyz Republic",2014,-0.002633948
"2037","Lao PDR",2014,0.000640742
"2038","Latvia",2014,0.004421716
"2039","Lebanon",2014,0.003113242
"2040","Lesotho",2014,-0.00042806
"2041","Liberia",2014,-0.001889097
"2042","Libya",2014,-0.008838721
"2043","Lithuania",2014,0.016540274
"2044","Luxembourg",2014,0.011678741
"2045","Macedonia, FYR",2014,0.006217311
"2046","Madagascar",2014,-0.006930212
"2047","Malawi",2014,-0.003167825
"2048","Malaysia",2014,0.006277718
"2049","Mali",2014,0.020516212
"2050","Malta",2014,0.02072124
"2051","Mauritania",2014,-0.000179722
"2052","Mauritius",2014,0.014546367
"2053","Mexico",2014,-0.009592805
"2054","Moldova",2014,-0.010672232
"2055","Mongolia",2014,0.006444193
"2056","Montenegro",2014,-0.001097388
"2057","Morocco",2014,0.001033529
"2058","Mozambique",2014,-0.001892456
"2059","Myanmar",2014,-0.005074952
"2060","Namibia",2014,0.008946361
"2061","Nepal",2014,0.001731769
"2062","Netherlands",2014,-0.003619926
"2063","New Zealand",2014,0.015044002
"2064","Nicaragua",2014,0.007706933
"2065","Niger",2014,-0.00049685
"2066","Nigeria",2014,-1.81365e-05
"2067","Norway",2014,-0.00134649
"2068","Pakistan",2014,-0.000790544
"2069","Panama",2014,-0.002947723
"2070","Paraguay",2014,-0.02263621
"2071","Peru",2014,-0.010746385
"2072","Philippines",2014,0.011124739
"2073","Poland",2014,0.012797133
"2074","Portugal",2014,0.003394892
"2075","Puerto Rico",2014,-0.01016279
"2076","Romania",2014,0.010499827
"2077","Russian Federation",2014,0.003196213
"2078","Rwanda",2014,-0.001529405
"2079","Saudi Arabia",2014,0.01071734
"2080","Senegal",2014,0.00167409
"2081","Serbia",2014,0.005727799
"2082","Sierra Leone",2014,-0.014402284
"2083","Singapore",2014,0.013762704
"2084","Slovak Republic",2014,0.005321912
"2085","Slovenia",2014,0.002868691
"2086","Somalia",2014,0.00096986
"2087","South Africa",2014,0.004846629
"2088","Spain",2014,-0.001142625
"2089","Sri Lanka",2014,-0.011706761
"2090","South Sudan",2014,-0.002422354
"2091","Sweden",2014,0.006618058
"2092","Switzerland",2014,0.006518273
"2093","Taiwan",2014,NA
"2094","Tajikistan",2014,0.0001781
"2095","Tanzania",2014,0.00175062
"2096","Thailand",2014,-0.006032485
"2097","Togo",2014,-0.000555932
"2098","Trinidad and Tobago",2014,-0.000184577
"2099","Tunisia",2014,-0.002549689
"2100","Turkey",2014,0.01338334
"2101","Turkmenistan",2014,0.00405802
"2102","Uganda",2014,-0.001722565
"2103","Ukraine",2014,-0.021682234
"2104","United Arab Emirates",2014,-0.001350941
"2105","United Kingdom",2014,0.003973789
"2106","United States",2014,-0.001213683
"2107","Uruguay",2014,0.006085347
"2108","Uzbekistan",2014,0.003385698
"2109","Venezuela, RB",2014,0.001339592
"2110","Vietnam",2014,0.006125287
"2111","West Bank and Gaza",2014,0.025522336
"2112","Yemen, Rep.",2014,-0.014382527
"2113","Zambia",2014,-0.001501698
"2114","Zimbabwe",2014,0.001442838
"2115","Afghanistan",2015,0.010142279
"2116","Albania",2015,0.044305752
"2117","Algeria",2015,0.001517604
"2118","Angola",2015,-0.001033879
"2119","Argentina",2015,0.003396827
"2120","Armenia",2015,-0.01072939
"2121","Australia",2015,0.008750662
"2122","Austria",2015,0.001153615
"2123","Azerbaijan",2015,0.005693153
"2124","Bahrain",2015,0.001287854
"2125","Bangladesh",2015,-0.000855192
"2126","Belarus",2015,0.004581072
"2127","Belgium",2015,-0.000575956
"2128","Belize",2015,-0.011099668
"2129","Benin",2015,-0.000195347
"2130","Bhutan",2015,0.042065567
"2131","Bolivia",2015,-0.059958482
"2132","Bosnia and Herzegovina",2015,0.001192704
"2133","Botswana",2015,0.002357254
"2134","Brazil",2015,0.004792128
"2135","Bulgaria",2015,0.005432971
"2136","Burkina Faso",2015,-0.000382244
"2137","Cambodia",2015,-0.001423574
"2138","Cameroon",2015,-5.18528e-05
"2139","Canada",2015,0.002636985
"2140","Central African Republic",2015,-0.001983373
"2141","Chad",2015,-0.002375637
"2142","Chile",2015,0.002971251
"2143","China",2015,-0.000891592
"2144","Colombia",2015,0.005406065
"2145","Congo, Dem. Rep.",2015,-0.000726017
"2146","Congo, Rep.",2015,-0.000760158
"2147","Costa Rica",2015,-0.009512994
"2148","Cote d'Ivoire",2015,-0.008308154
"2149","Croatia",2015,0.012815082
"2150","Cyprus",2015,-0.005709229
"2151","Czech Republic",2015,0.008146093
"2152","Denmark",2015,0.005722486
"2153","Dominican Republic",2015,0.006741655
"2154","Ecuador",2015,0.035478564
"2155","Egypt, Arab Rep.",2015,-0.014675212
"2156","El Salvador",2015,-0.004980582
"2157","Estonia",2015,0.018580668
"2158","Ethiopia",2015,-0.003652401
"2159","Finland",2015,0.005637671
"2160","France",2015,0.00217698
"2161","Gabon",2015,0.007264646
"2162","Georgia",2015,0.017164608
"2163","Germany",2015,-0.001131534
"2164","Ghana",2015,-0.000282414
"2165","Greece",2015,0.005549079
"2166","Guatemala",2015,-0.004767818
"2167","Guinea",2015,-0.001166808
"2168","Haiti",2015,0.004723354
"2169","Honduras",2015,0.029278495
"2170","Hong Kong SAR, China",2015,0.005954031
"2171","Hungary",2015,0.026559524
"2172","India",2015,-1.77639e-05
"2173","Indonesia",2015,-0.020076127
"2174","Iran, Islamic Rep.",2015,0.029116647
"2175","Iraq",2015,0.00232786
"2176","Ireland",2015,0.003124713
"2177","Israel",2015,0.000690869
"2178","Italy",2015,0.001581899
"2179","Jamaica",2015,0.00242908
"2180","Japan",2015,0.006038354
"2181","Jordan",2015,-0.001084646
"2182","Kazakhstan",2015,0.000709077
"2183","Kenya",2015,-0.001601202
"2184","Korea, Rep.",2015,0.007873406
"2185","Kosovo",2015,NA
"2186","Kuwait",2015,-0.001141356
"2187","Kyrgyz Republic",2015,-0.000667811
"2188","Lao PDR",2015,0.000468011
"2189","Latvia",2015,0.016172681
"2190","Lebanon",2015,0.003360653
"2191","Lesotho",2015,0.000841727
"2192","Liberia",2015,-0.00217574
"2193","Libya",2015,-0.001021223
"2194","Lithuania",2015,0.00461012
"2195","Luxembourg",2015,0.008304805
"2196","Macedonia, FYR",2015,-0.006853494
"2197","Madagascar",2015,-0.008154917
"2198","Malawi",2015,-0.002514212
"2199","Malaysia",2015,0.005733577
"2200","Mali",2015,-0.00064317
"2201","Malta",2015,0.018613898
"2202","Mauritania",2015,0.000399514
"2203","Mauritius",2015,0.013881318
"2204","Mexico",2015,0.001534203
"2205","Moldova",2015,0.064855623
"2206","Mongolia",2015,0.003423349
"2207","Montenegro",2015,-6.86212e-05
"2208","Morocco",2015,-0.001166297
"2209","Mozambique",2015,-0.002272724
"2210","Myanmar",2015,-0.004570662
"2211","Namibia",2015,0.002485309
"2212","Nepal",2015,0.000638166
"2213","Netherlands",2015,0.008380213
"2214","New Zealand",2015,0.000597477
"2215","Nicaragua",2015,0.004787316
"2216","Niger",2015,-0.000633816
"2217","Nigeria",2015,0.000145164
"2218","Norway",2015,0.00392922
"2219","Pakistan",2015,0.017038078
"2220","Panama",2015,0.00878397
"2221","Paraguay",2015,0.004222242
"2222","Peru",2015,-0.015563507
"2223","Philippines",2015,-0.009430612
"2224","Poland",2015,0.00424615
"2225","Portugal",2015,0.00398379
"2226","Puerto Rico",2015,-0.01060609
"2227","Romania",2015,0.004675821
"2228","Russian Federation",2015,0.003281286
"2229","Rwanda",2015,-0.001543088
"2230","Saudi Arabia",2015,0.014887583
"2231","Senegal",2015,0.001176736
"2232","Serbia",2015,0.000590233
"2233","Sierra Leone",2015,0.002776109
"2234","Singapore",2015,0.013696276
"2235","Slovak Republic",2015,0.009605467
"2236","Slovenia",2015,0.009144888
"2237","Somalia",2015,0.001516494
"2238","South Africa",2015,0.023555246
"2239","Spain",2015,0.001803269
"2240","Sri Lanka",2015,-0.005991017
"2241","South Sudan",2015,-0.002374202
"2242","Sweden",2015,0.004293038
"2243","Switzerland",2015,0.005511345
"2244","Taiwan",2015,NA
"2245","Tajikistan",2015,0.000760741
"2246","Tanzania",2015,-0.00061402
"2247","Thailand",2015,-0.016357745
"2248","Togo",2015,-0.00117566
"2249","Trinidad and Tobago",2015,-0.004260028
"2250","Tunisia",2015,-0.000890827
"2251","Turkey",2015,0.018280347
"2252","Turkmenistan",2015,0.00309319
"2253","Uganda",2015,-0.002101263
"2254","Ukraine",2015,0.006414694
"2255","United Arab Emirates",2015,-0.000255974
"2256","United Kingdom",2015,0.002978287
"2257","United States",2015,-0.000516839
"2258","Uruguay",2015,-0.005027332
"2259","Uzbekistan",2015,0.003388873
"2260","Venezuela, RB",2015,-0.000367455
"2261","Vietnam",2015,-0.002221446
"2262","West Bank and Gaza",2015,0.0256032
"2263","Yemen, Rep.",2015,0.015196015
"2264","Zambia",2015,-0.001688755
"2265","Zimbabwe",2015,0.001071576
"2266","Afghanistan",2016,0.00642876
"2267","Albania",2016,0.000491682
"2268","Algeria",2016,0.001136436
"2269","Angola",2016,-0.001047718
"2270","Argentina",2016,0.000812948
"2271","Armenia",2016,0.00322324
"2272","Australia",2016,0.00011691
"2273","Austria",2016,0.009071974
"2274","Azerbaijan",2016,0.012630328
"2275","Bahrain",2016,0.003023886
"2276","Bangladesh",2016,-0.000992788
"2277","Belarus",2016,0.003782822
"2278","Belgium",2016,0.000783152
"2279","Belize",2016,0.001667651
"2280","Benin",2016,8.36909e-05
"2281","Bhutan",2016,-0.000247093
"2282","Bolivia",2016,0.00480478
"2283","Bosnia and Herzegovina",2016,0.004836146
"2284","Botswana",2016,0.002324641
"2285","Brazil",2016,-0.00081635
"2286","Bulgaria",2016,-0.008602555
"2287","Burkina Faso",2016,-0.0002648
"2288","Cambodia",2016,-0.00097357
"2289","Cameroon",2016,0
"2290","Canada",2016,0.001860317
"2291","Central African Republic",2016,-0.002497858
"2292","Chad",2016,-0.001274754
"2293","Chile",2016,-0.001070653
"2294","China",2016,-0.000997315
"2295","Colombia",2016,-0.00176563
"2296","Congo, Dem. Rep.",2016,-0.000191911
"2297","Congo, Rep.",2016,-0.000690337
"2298","Costa Rica",2016,-0.036508356
"2299","Cote d'Ivoire",2016,-0.008088312
"2300","Croatia",2016,-0.019546369
"2301","Cyprus",2016,0.007486549
"2302","Czech Republic",2016,0.01444719
"2303","Denmark",2016,0.019901989
"2304","Dominican Republic",2016,0.002684295
"2305","Ecuador",2016,0.028523589
"2306","Egypt, Arab Rep.",2016,-0.001193871
"2307","El Salvador",2016,-0.003792382
"2308","Estonia",2016,0.01114548
"2309","Ethiopia",2016,-0.003027308
"2310","Finland",2016,0.001930323
"2311","France",2016,0.002060195
"2312","Gabon",2016,0.005875269
"2313","Georgia",2016,-0.014388562
"2314","Germany",2016,0.003462675
"2315","Ghana",2016,0.000308157
"2316","Greece",2016,0.003776503
"2317","Guatemala",2016,0.008746085
"2318","Guinea",2016,-0.001683911
"2319","Haiti",2016,0.004789085
"2320","Honduras",2016,0.004750442
"2321","Hong Kong SAR, China",2016,0.001706974
"2322","Hungary",2016,0.023064262
"2323","India",2016,-0.000391016
"2324","Indonesia",2016,0.007771104
"2325","Iran, Islamic Rep.",2016,0.038198686
"2326","Iraq",2016,-0.005508123
"2327","Ireland",2016,0.006926856
"2328","Israel",2016,-0.000372795
"2329","Italy",2016,0.013996033
"2330","Jamaica",2016,0.004084716
"2331","Japan",2016,0.011544494
"2332","Jordan",2016,0.000482578
"2333","Kazakhstan",2016,0.00324653
"2334","Kenya",2016,-0.001860946
"2335","Korea, Rep.",2016,0.005914119
"2336","Kosovo",2016,NA
"2337","Kuwait",2016,-0.011273192
"2338","Kyrgyz Republic",2016,-0.012150529
"2339","Lao PDR",2016,0.000135426
"2340","Latvia",2016,0.009575715
"2341","Lebanon",2016,0.005831776
"2342","Lesotho",2016,0.002847711
"2343","Liberia",2016,-0.001932302
"2344","Libya",2016,0.001515155
"2345","Lithuania",2016,0.017735228
"2346","Luxembourg",2016,-0.016600211
"2347","Macedonia, FYR",2016,-0.006144386
"2348","Madagascar",2016,-0.002086834
"2349","Malawi",2016,-0.003032352
"2350","Malaysia",2016,0.001919941
"2351","Mali",2016,-0.000739495
"2352","Malta",2016,0.019530429
"2353","Mauritania",2016,0.000459223
"2354","Mauritius",2016,-0.006455298
"2355","Mexico",2016,0.000758253
"2356","Moldova",2016,-0.028537928
"2357","Mongolia",2016,-0.017532231
"2358","Montenegro",2016,0.001098604
"2359","Morocco",2016,0.001627026
"2360","Mozambique",2016,-0.001850051
"2361","Myanmar",2016,-0.003555311
"2362","Namibia",2016,0.00446249
"2363","Nepal",2016,0.001333552
"2364","Netherlands",2016,0.0009165
"2365","New Zealand",2016,0.014926452
"2366","Nicaragua",2016,0.004924203
"2367","Niger",2016,-0.000820735
"2368","Nigeria",2016,0.000907266
"2369","Norway",2016,-0.002749876
"2370","Pakistan",2016,0.02415195
"2371","Panama",2016,0.008439816
"2372","Paraguay",2016,0.01114813
"2373","Peru",2016,0.003415837
"2374","Philippines",2016,-0.002131099
"2375","Poland",2016,0.010094987
"2376","Portugal",2016,0.005082289
"2377","Puerto Rico",2016,0.003546436
"2378","Romania",2016,-0.006418304
"2379","Russian Federation",2016,0.007328307
"2380","Rwanda",2016,-0.001818223
"2381","Saudi Arabia",2016,0.005250191
"2382","Senegal",2016,0.001226427
"2383","Serbia",2016,0.033592715
"2384","Sierra Leone",2016,-0.002292874
"2385","Singapore",2016,0.001055586
"2386","Slovak Republic",2016,0.014137291
"2387","Slovenia",2016,-0.00138234
"2388","Somalia",2016,0.001261885
"2389","South Africa",2016,0.002964401
"2390","Spain",2016,-0.000671678
"2391","Sri Lanka",2016,-0.004945279
"2392","South Sudan",2016,-0.001298148
"2393","Sweden",2016,0.004494594
"2394","Switzerland",2016,0.006644529
"2395","Taiwan",2016,NA
"2396","Tajikistan",2016,0.001245345
"2397","Tanzania",2016,-0.000708864
"2398","Thailand",2016,-0.001271078
"2399","Togo",2016,-0.001506237
"2400","Trinidad and Tobago",2016,-0.003194464
"2401","Tunisia",2016,-0.000852804
"2402","Turkey",2016,0.017430598
"2403","Turkmenistan",2016,0.002181872
"2404","Uganda",2016,-0.001812794
"2405","Ukraine",2016,0.002129634
"2406","United Arab Emirates",2016,-0.010507961
"2407","United Kingdom",2016,0.004910055
"2408","United States",2016,0.005296446
"2409","Uruguay",2016,-0.002315853
"2410","Uzbekistan",2016,0.003493825
"2411","Venezuela, RB",2016,-0.008133091
"2412","Vietnam",2016,-0.00115534
"2413","West Bank and Gaza",2016,0.004083037
"2414","Yemen, Rep.",2016,0.009953262
"2415","Zambia",2016,-0.001347906
"2416","Zimbabwe",2016,0.000832586
"2417","Afghanistan",2017,0.000179468
"2418","Albania",2017,0.00096753
"2419","Algeria",2017,0.00387303
"2420","Angola",2017,-0.000460395
"2421","Argentina",2017,-0.000236316
"2422","Armenia",2017,0.006014414
"2423","Australia",2017,0.001415342
"2424","Austria",2017,7.87052e-05
"2425","Azerbaijan",2017,0.000449437
"2426","Bahrain",2017,0.004610775
"2427","Bangladesh",2017,0.001250846
"2428","Belarus",2017,0.000400065
"2429","Belgium",2017,0.001373021
"2430","Belize",2017,0.004748642
"2431","Benin",2017,0.001353635
"2432","Bhutan",2017,0.004841808
"2433","Bolivia",2017,0.001487942
"2434","Bosnia and Herzegovina",2017,0.00265419
"2435","Botswana",2017,0.00496382
"2436","Brazil",2017,0.000774039
"2437","Bulgaria",2017,0.005029006
"2438","Burkina Faso",2017,-0.002441972
"2439","Cambodia",2017,0.003724061
"2440","Cameroon",2017,0.000363187
"2441","Canada",2017,0.001370127
"2442","Central African Republic",2017,-0.000248997
"2443","Chad",2017,-0.000238412
"2444","Chile",2017,0.005226497
"2445","China",2017,-0.000998311
"2446","Colombia",2017,0.00376527
"2447","Congo, Dem. Rep.",2017,-1.37031e-05
"2448","Congo, Rep.",2017,-0.000958622
"2449","Costa Rica",2017,0.00506037
"2450","Cote d'Ivoire",2017,-0.000669465
"2451","Croatia",2017,0.00283069
"2452","Cyprus",2017,0.002522361
"2453","Czech Republic",2017,0.003603528
"2454","Denmark",2017,-0.000250133
"2455","Dominican Republic",2017,0.000662182
"2456","Ecuador",2017,-0.002032929
"2457","Egypt, Arab Rep.",2017,0.003644645
"2458","El Salvador",2017,0.006334507
"2459","Estonia",2017,0.001068791
"2460","Ethiopia",2017,0.001340295
"2461","Finland",2017,0.002098262
"2462","France",2017,0.001132869
"2463","Gabon",2017,0.004680246
"2464","Georgia",2017,0.005100602
"2465","Germany",2017,0.001693214
"2466","Ghana",2017,0.002669647
"2467","Greece",2017,-0.002493622
"2468","Guatemala",2017,0.001109154
"2469","Guinea",2017,-1.51876e-05
"2470","Haiti",2017,0.00450382
"2471","Honduras",2017,0.000200584
"2472","Hong Kong SAR, China",2017,0.002388675
"2473","Hungary",2017,0.004403172
"2474","India",2017,-0.001351355
"2475","Indonesia",2017,-0.000744867
"2476","Iran, Islamic Rep.",2017,-0.001565172
"2477","Iraq",2017,0.005559286
"2478","Ireland",2017,-0.002500275
"2479","Israel",2017,0.001325976
"2480","Italy",2017,-0.000586071
"2481","Jamaica",2017,0.004854132
"2482","Japan",2017,0.001506186
"2483","Jordan",2017,-0.001519347
"2484","Kazakhstan",2017,0.003261693
"2485","Kenya",2017,-0.00053046
"2486","Korea, Rep.",2017,0.002866532
"2487","Kosovo",2017,NA
"2488","Kuwait",2017,-0.007272301
"2489","Kyrgyz Republic",2017,0.002813589
"2490","Lao PDR",2017,0.002252347
"2491","Latvia",2017,0.002459456
"2492","Lebanon",2017,0.003486669
"2493","Lesotho",2017,0.002324615
"2494","Liberia",2017,-0.000799243
"2495","Libya",2017,0.000783757
"2496","Lithuania",2017,0.003169572
"2497","Luxembourg",2017,2.87657e-05
"2498","Macedonia, FYR",2017,0.005312501
"2499","Madagascar",2017,0.001805496
"2500","Malawi",2017,0.002156048
"2501","Malaysia",2017,0.004938262
"2502","Mali",2017,0.003837177
"2503","Malta",2017,0.003219306
"2504","Mauritania",2017,0.000119759
"2505","Mauritius",2017,0.000332465
"2506","Mexico",2017,0.002087243
"2507","Moldova",2017,-0.001080916
"2508","Mongolia",2017,0.002556194
"2509","Montenegro",2017,0.000994507
"2510","Morocco",2017,0.000267547
"2511","Mozambique",2017,-0.001172517
"2512","Myanmar",2017,-0.001762232
"2513","Namibia",2017,0.007515926
"2514","Nepal",2017,-0.000694866
"2515","Netherlands",2017,0.001316891
"2516","New Zealand",2017,0.001314283
"2517","Nicaragua",2017,0.003656997
"2518","Niger",2017,-0.000423096
"2519","Nigeria",2017,-3.63048e-05
"2520","Norway",2017,0.000346297
"2521","Pakistan",2017,0.001801823
"2522","Panama",2017,0.001383209
"2523","Paraguay",2017,0.00241093
"2524","Peru",2017,0.005859415
"2525","Philippines",2017,0.00213565
"2526","Poland",2017,0.003172054
"2527","Portugal",2017,-0.001189749
"2528","Puerto Rico",2017,0.001646469
"2529","Romania",2017,-0.000229722
"2530","Russian Federation",2017,0.000714045
"2531","Rwanda",2017,-0.000193514
"2532","Saudi Arabia",2017,0.005483098
"2533","Senegal",2017,0.003896017
"2534","Serbia",2017,0.001465412
"2535","Sierra Leone",2017,-0.00265556
"2536","Singapore",2017,0.001752964
"2537","Slovak Republic",2017,0.002835335
"2538","Slovenia",2017,0.001090676
"2539","Somalia",2017,0.000714159
"2540","South Africa",2017,0.002203988
"2541","Spain",2017,-0.001559209
"2542","Sri Lanka",2017,-0.001691135
"2543","South Sudan",2017,9.4727e-05
"2544","Sweden",2017,0.003039698
"2545","Switzerland",2017,0.000238251
"2546","Taiwan",2017,NA
"2547","Tajikistan",2017,0.002632953
"2548","Tanzania",2017,0.000295509
"2549","Thailand",2017,0.000490548
"2550","Togo",2017,-0.001584525
"2551","Trinidad and Tobago",2017,0.000214593
"2552","Tunisia",2017,-0.000174569
"2553","Turkey",2017,-0.000636469
"2554","Turkmenistan",2017,0.001103012
"2555","Uganda",2017,0.001159528
"2556","Ukraine",2017,0.000708446
"2557","United Arab Emirates",2017,-0.008500509
"2558","United Kingdom",2017,0.001620052
"2559","United States",2017,-0.001306636
"2560","Uruguay",2017,0.00308615
"2561","Uzbekistan",2017,0.003539768
"2562","Venezuela, RB",2017,0.001215888
"2563","Vietnam",2017,0.002072329
"2564","West Bank and Gaza",2017,0.007437699
"2565","Yemen, Rep.",2017,-0.000921597
"2566","Zambia",2017,-0.000516104
"2567","Zimbabwe",2017,0.003482167
